brand_id,Model Name,Category,CC,Fuel Type
1820,BREZZA 150,Motorcycle,150,Petrol
1820,CITIPLUS 110,Scooter,110,Petrol
1820,STRONGER 200,Motorcycle,200,Petrol
1821,SR 150,Scooter,150,Petrol
1821,SR 160,Scooter,160,Petrol
1821,TUAREG 660,Motorcycle,660,Petrol
1822,318,Scooter,318,Petrol
1838,AVENGER 220,Motorcycle,220,Petrol
1838,BOXER 150,Motorcycle,150,Petrol
1838,CT100,Motorcycle,100,Petrol
1838,DOMINAR 250,Motorcycle,250,Petrol
1838,DOMINAR 400,Motorcycle,400,Petrol
1838,FREEDOM 125 CNG,Motorcycle,125,CNG
1838,PULSAR 125,Motorcycle,125,Petrol
1838,PULSAR N 250,Motorcycle,250,Petrol
1838,PULSAR NS 160,Motorcycle,160,Petrol
1838,PULSAR NS 200,Motorcycle,200,Petrol
1838,PULSAR P150,Motorcycle,150,Petrol
1838,PULSAR RS 200,Motorcycle,200,Petrol
1842,180S,Motorcycle,180,Petrol
1842,502 CRUISER,Motorcycle,502,Petrol
1842,752S,Motorcycle,752,Petrol
1842,BN 302 R,Motorcycle,302,Petrol
1842,BN 302 S,Motorcycle,302,Petrol
1842,BN 600GT,Motorcycle,600,Petrol
1842,CAFFENERO 150,Scooter,150,Petrol
1842,IMPERIALE 400,Motorcycle,400,Petrol
1842,LEONCINO 250,Motorcycle,250,Petrol
1842,LEONCINO 500,Motorcycle,500,Petrol
1842,TNT 135,Motorcycle,135,Petrol
1842,TNT 150,Motorcycle,150,Petrol
1842,TNT 250,Motorcycle,250,Petrol
1842,TNT 300,Motorcycle,300,Petrol
1842,TNT 600,Motorcycle,600,Petrol
1842,TRK 251,Motorcycle,251,Petrol
1842,TRK 502,Motorcycle,502,Petrol
1842,TRK 502X,Motorcycle,502,Petrol
1847,AKVO200 RR,Motorcycle,200,Petrol
1847,BK150,Motorcycle,150,Petrol
1847,BOY110,Scooter,110,Petrol
1847,BS 110,Scooter,110,Petrol
1847,LAZER 70,Scooter,70,Petrol
1847,MOTARD 2.5,Motorcycle,250,Petrol
1847,MX50,Motorcycle,50,Petrol
1847,RR 430 4T,Motorcycle,430,Petrol
1847,RR110,Motorcycle,110,Petrol
1847,RR125,Motorcycle,125,Petrol
1847,RR150,Motorcycle,150,Petrol
1847,RR300,Motorcycle,300,Petrol
1847,RR350,Motorcycle,350,Petrol
1847,RR400,Motorcycle,400,Petrol
1847,RR500,Motorcycle,500,Petrol
1847,SCOOBY 80,Scooter,80,Petrol
1847,TR 2.0,Motorcycle,200,Petrol
1847,XTRAINER 300,Motorcycle,300,Petrol
1847,ZT 350T,Motorcycle,350,Petrol
1853,C650 GT,Scooter,650,Petrol
1853,C650 SPORT,Scooter,650,Petrol
1853,F 750 GS,Motorcycle,750,Petrol
1853,F 800 R,Motorcycle,800,Petrol
1853,F 850 GS,Motorcycle,850,Petrol
1853,F 850 GS ADVENTURE,Motorcycle,850,Petrol
1853,G 310 GS,Motorcycle,310,Petrol
1853,R 1250 GS,Motorcycle,1250,Petrol
1853,R 1250 GS ADVENTURE,Motorcycle,1250,Petrol
1853,R 1300 GS,Motorcycle,1300,Petrol
1853,R 18,Motorcycle,1800,Petrol
1853,S 1000 RR,Motorcycle,1000,Petrol
1853,S 1000 XR,Motorcycle,1000,Petrol
1858,ALTINO150,Motorcycle,150,Petrol
1858,ALTINO180,Motorcycle,180,Petrol
1858,ALTINO200,Motorcycle,200,Petrol
1858,DAYSTAR 250,Motorcycle,250,Petrol
1858,ELEKTRA 150,Motorcycle,150,Petrol
1858,NEVADA110,Scooter,110,Petrol
1858,NEVADA125,Scooter,125,Petrol
1858,TEXANA HS 200,Motorcycle,200,Petrol
1858,TEXANA HS 250,Motorcycle,250,Petrol
1870,CE 110,Motorcycle,110,Petrol
1870,CE 150-13,Motorcycle,150,Petrol
1870,COLT CE 200,Motorcycle,200,Petrol
1870,ROUTER CE 250-16,Motorcycle,250,Petrol
1871,250NK,Motorcycle,250,Petrol
1871,300CL-X,Motorcycle,300,Petrol
1871,300NK,Motorcycle,300,Petrol
1871,300SR,Motorcycle,300,Petrol
1871,400NK,Motorcycle,400,Petrol
1871,450SR,Motorcycle,450,Petrol
1871,650GT,Motorcycle,650,Petrol
1871,650MT,Motorcycle,650,Petrol
1871,650NK,Motorcycle,650,Petrol
1871,700CL-X,Motorcycle,700,Petrol
1871,700MT,Motorcycle,700,Petrol
1871,800MT,Motorcycle,800,Petrol
1879,DX 70,Motorcycle,70,Petrol
1879,ENERGY 110,Scooter,110,Petrol
1879,ENERGY 125,Scooter,125,Petrol
1879,ENERGY 150,Scooter,150,Petrol
1879,ENERGY 80,Scooter,80,Petrol
1879,HUNTER 150,Motorcycle,150,Petrol
1879,LX 250,Motorcycle,250,Petrol
1879,MIRAGE 110,Scooter,110,Petrol
1879,TRIAX 150,Motorcycle,150,Petrol
1879,TRIAX 200,Motorcycle,200,Petrol
1879,TRIAX 250,Motorcycle,250,Petrol
1879,TRIAX 250 TOURING,Motorcycle,250,Petrol
1893,E3,Scooter,0,Electric
1893,E5,Scooter,0,Electric
1893,ET3,Scooter,0,Electric
1905,DIAVEL V4,Motorcycle,1158,Petrol
1905,MONSTER 797,Motorcycle,797,Petrol
1905,MULTISTRADA 1260 ENDURO,Motorcycle,1260,Petrol
1905,MULTISTRADA 950 S,Motorcycle,950,Petrol
1905,MULTISTRADA V2,Motorcycle,937,Petrol
1905,MULTISTRADA V4,Motorcycle,1158,Petrol
1905,MULTISTRADA V4 S,Motorcycle,1158,Petrol
1905,SCRAMBLER ICON,Motorcycle,800,Petrol
1905,SCRAMBLER ICON DARK,Motorcycle,800,Petrol
1905,SCRAMBLER SIXTY2,Motorcycle,400,Petrol
1905,STREETFIGHTER V2,Motorcycle,955,Petrol
1917,CITYCOCO CHOPER M8,Scooter,0,Electric
1917,FOLK,Scooter,0,Electric
1917,INDIE,Scooter,0,Electric
1917,MASTER,Scooter,0,Electric
1917,PONY,Scooter,0,Electric
1917,TRES DUO,Scooter,0,Electric
1949,GX 250,Motorcycle,250,Petrol
1952,EC 250,Motorcycle,250,Petrol
1952,EC 250 F,Motorcycle,250,Petrol
1952,ES 700,Motorcycle,700,Petrol
1952,MC 250 F,Motorcycle,250,Petrol
1959,AC 300,Motorcycle,300,Petrol
1959,ACX 500,Motorcycle,500,Petrol
1959,DS300,Motorcycle,300,Petrol
1959,EG2,Scooter,0,Electric
1959,QM125T-10D,Motorcycle,125,Petrol
1959,R500,Motorcycle,500,Petrol
1959,SAHEL 150,Motorcycle,150,Petrol
1959,SG 150,Scooter,150,Petrol
1959,SMASH,Scooter,110,Petrol
1959,SMX 200,Motorcycle,200,Petrol
1959,SMX 250,Motorcycle,250,Petrol
1959,SMX 400,Motorcycle,400,Petrol
1959,VALICO RALLY 300,Motorcycle,300,Petrol
1959,VC 150,Motorcycle,150,Petrol
1959,VC 200 R,Motorcycle,200,Petrol
1959,VC 250,Motorcycle,250,Petrol
1959,VC 70,Motorcycle,70,Petrol
1959,YL 200,Motorcycle,200,Petrol
1965,MIKU MAX,Motorcycle,0,Electric
1967,G110,Scooter,110,Petrol
1967,G125,Scooter,125,Petrol
1967,G3R200,Scooter,200,Petrol
1967,G90 ECONO,Scooter,90,Petrol
1967,GC150,Motorcycle,150,Petrol
1967,GC200,Motorcycle,200,Petrol
1967,GR1 150,Motorcycle,150,Petrol
1967,GR1 200,Motorcycle,200,Petrol
1967,GRM 150,Motorcycle,150,Petrol
1967,GT110,Motorcycle,110,Petrol
1967,GT70,Motorcycle,70,Petrol
1967,GXL 150,Motorcycle,150,Petrol
1967,GXR 300,Motorcycle,300,Petrol
1967,GXR200 TUNDRA,Motorcycle,200,Petrol
1967,GXR250 TUNDRA,Motorcycle,250,Petrol
1973,DR160,Motorcycle,160,Petrol
1973,NK 150,Motorcycle,150,Petrol
1975,FAT BOY 1745,Motorcycle,1745,Petrol
1975,FAT BOY 1868,Motorcycle,1868,Petrol
1975,FLHFB ELECTRA GLIDE HIGHWAY KING,Motorcycle,1868,Petrol
1975,FLHR ROAD KING 1745,Motorcycle,1745,Petrol
1975,FLTRK ROAD GLIDE LIMITED 1868,Motorcycle,1868,Petrol
1975,FXBBS STREET BOB 1868,Motorcycle,1868,Petrol
1975,FXLRS LOW RIDER S 1868,Motorcycle,1868,Petrol
1975,ROAD GLIDE SPECIAL,Motorcycle,1868,Petrol
1975,SOFTAIL HERITAGE CLASSIC 1868,Motorcycle,1868,Petrol
1975,SPORTSTER 1250,Motorcycle,1250,Petrol
1975,TOURING ROAD GLIDE,Motorcycle,1868,Petrol
1976,CVO STREET GLIDE 1923,Motorcycle,1923,Petrol
1980,DASH,Scooter,110,Petrol
1980,HUNK 150,Motorcycle,150,Petrol
1980,HUNK 160R,Motorcycle,160,Petrol
1980,HUNK 200,Motorcycle,200,Petrol
1980,IGNITOR,Motorcycle,125,Petrol
1980,XPULSE 200,Motorcycle,200,Petrol
1983,BIZ125,Scooter,125,Petrol
1983,CB 1100,Motorcycle,1100,Petrol
1983,CB 300R,Motorcycle,300,Petrol
1983,CB TWISTER 300,Motorcycle,300,Petrol
1983,CB125F TWISTER,Motorcycle,125,Petrol
1983,CB190R,Motorcycle,190,Petrol
1983,CB250,Motorcycle,250,Petrol
1983,CB250 TWISTER,Motorcycle,250,Petrol
1983,CB300F,Motorcycle,300,Petrol
1983,CB500F,Motorcycle,500,Petrol
1983,CB500X,Motorcycle,500,Petrol
1983,CB750 HORNET,Motorcycle,750,Petrol
1983,CBR300R,Motorcycle,300,Petrol
1983,CG125,Motorcycle,125,Petrol
1983,CG150,Motorcycle,150,Petrol
1983,CRF1100 AFRICA TWIN,Motorcycle,1100,Petrol
1983,CRF230F,Motorcycle,230,Petrol
1983,CRF250R,Motorcycle,250,Petrol
1983,CRF450R,Motorcycle,450,Petrol
1983,CRF450RX,Motorcycle,450,Petrol
1983,ELITE125,Scooter,125,Petrol
1983,FORZA 125,Scooter,125,Petrol
1983,GLH150,Motorcycle,150,Petrol
1983,MONKEY 125,Motorcycle,125,Petrol
1983,NAVI 110,Motorcycle,110,Petrol
1983,NC750X,Motorcycle,750,Petrol
1983,NF100,Scooter,100,Petrol
1983,NXR125,Motorcycle,125,Petrol
1983,PCX 150,Scooter,150,Petrol
1983,PCX 160,Scooter,160,Petrol
1983,ST 70,Motorcycle,70,Petrol
1983,UNICORN 160,Motorcycle,160,Petrol
1983,WAVE 110,Scooter,110,Petrol
1983,XR 125 L,Motorcycle,125,Petrol
1983,XR 150,Motorcycle,150,Petrol
1983,XR 250,Motorcycle,250,Petrol
1983,XR 650R,Motorcycle,650,Petrol
1983,XR190,Motorcycle,190,Petrol
1983,XR190L,Motorcycle,190,Petrol
1983,XRE 300,Motorcycle,300,Petrol
1983,XRE 300 RALLY,Motorcycle,300,Petrol
1995,701 ENDURO,Motorcycle,701,Petrol
1995,FC 250,Motorcycle,250,Petrol
1995,FE 350,Motorcycle,350,Petrol
1995,FE 450,Motorcycle,450,Petrol
1995,NORDEN 901,Motorcycle,901,Petrol
1995,SVARTPILEN 200,Motorcycle,200,Petrol
1995,SVARTPILEN 250,Motorcycle,250,Petrol
1995,SVARTPILEN 401,Motorcycle,401,Petrol
1995,SVARTPILEN 701,Motorcycle,701,Petrol
1995,TE 300,Motorcycle,300,Petrol
1995,VITPILEN 401,Motorcycle,401,Petrol
1998,CHALLENGER LIMITED,Motorcycle,1768,Petrol
1998,SCOUT 1133,Motorcycle,1133,Petrol
2004,DRAGSTER 200,Scooter,200,Petrol
2009,250 TYP 559,Motorcycle,249,Petrol
2009,DAYTONA 350,Motorcycle,350,Petrol
2020,JS125-6A,Motorcycle,125,Petrol
2038,KH125,Motorcycle,125,Petrol
2038,KLR 650,Motorcycle,650,Petrol
2038,KLX300,Motorcycle,300,Petrol
2038,KLX300R,Motorcycle,300,Petrol
2038,KX250,Motorcycle,250,Petrol
2038,KX450,Motorcycle,450,Petrol
2038,NINJA 400,Motorcycle,400,Petrol
2038,NINJA 650,Motorcycle,650,Petrol
2038,NINJA ZX-10R,Motorcycle,1000,Petrol
2038,NINJA ZX-14R,Motorcycle,1400,Petrol
2038,NINJA ZX-6R,Motorcycle,600,Petrol
2038,VERSYS 1000,Motorcycle,1000,Petrol
2038,VERSYS 650,Motorcycle,650,Petrol
2038,VERSYS-X 300,Motorcycle,300,Petrol
2038,VULCAN 900,Motorcycle,900,Petrol
2038,VULCAN S CAFE 650,Motorcycle,650,Petrol
2038,Z1000,Motorcycle,1000,Petrol
2038,Z400,Motorcycle,400,Petrol
2038,Z650,Motorcycle,650,Petrol
2038,Z900,Motorcycle,900,Petrol
2039,K6 250,Motorcycle,250,Petrol
2039,T6 250,Motorcycle,250,Petrol
2042,K-LIGHT 202,Motorcycle,202,Petrol
2042,RKV 150,Motorcycle,150,Petrol
2042,TARGET 125,Scooter,125,Petrol
2042,TX200,Motorcycle,200,Petrol
2043,KN110,Scooter,110,Petrol
2043,KN110-7,Scooter,110,Petrol
2043,KN125-11,Motorcycle,125,Petrol
2043,KN150,Motorcycle,150,Petrol
2043,KN150GY,Motorcycle,150,Petrol
2043,KN200GY,Motorcycle,200,Petrol
2043,KN250-3,Motorcycle,250,Petrol
2047,150-Z,Motorcycle,150,Petrol
2047,250 V,Motorcycle,250,Petrol
2047,KD150 33,Motorcycle,150,Petrol
2047,KD150-V,Motorcycle,150,Petrol
2047,KD250,Motorcycle,250,Petrol
2047,KD250-V,Motorcycle,250,Petrol
2047,PISCES KD 125-K,Motorcycle,125,Petrol
2055,1290 SUPER ADVENTURE R,Motorcycle,1290,Petrol
2055,1290 SUPER ADVENTURE S,Motorcycle,1290,Petrol
2055,200 DUKE,Motorcycle,200,Petrol
2055,200 EXC,Motorcycle,200,Petrol
2055,200 SVARTPILEN,Motorcycle,200,Petrol
2055,250 ADVENTURE,Motorcycle,250,Petrol
2055,250 DUKE,Motorcycle,250,Petrol
2055,250 EXC-F,Motorcycle,250,Petrol
2055,250 SX-F,Motorcycle,250,Petrol
2055,300 EXC SIX DAYS,Motorcycle,300,Petrol
2055,350 EXC-F,Motorcycle,350,Petrol
2055,350 SX-F,Motorcycle,350,Petrol
2055,390 ADVENTURE,Motorcycle,390,Petrol
2055,390 DUKE,Motorcycle,390,Petrol
2055,65 SX,Motorcycle,65,Petrol
2055,690 ENDURO R,Motorcycle,690,Petrol
2055,790 ADVENTURE,Motorcycle,790,Petrol
2055,790 ADVENTURE R,Motorcycle,790,Petrol
2055,790 DUKE,Motorcycle,790,Petrol
2055,890 ADVENTURE,Motorcycle,890,Petrol
2055,890 ADVENTURE R,Motorcycle,890,Petrol
2055,890 DUKE,Motorcycle,890,Petrol
2055,RC 200,Motorcycle,200,Petrol
2055,RC 390,Motorcycle,390,Petrol
2059,ACTIV 110,Scooter,110,Petrol
2059,ACTIV 125,Scooter,125,Petrol
2059,AGILITY 125,Scooter,125,Petrol
2059,AGILITY 200,Scooter,200,Petrol
2059,AGILITY CITY 200,Scooter,200,Petrol
2059,AK 550,Scooter,550,Petrol
2059,DOWNTOWN 300,Scooter,300,Petrol
2059,DOWNTOWN 350,Scooter,350,Petrol
2059,GRAND DINK 150,Scooter,150,Petrol
2059,LIKE 125,Scooter,125,Petrol
2059,LIKE 150,Scooter,150,Petrol
2059,LIKE 200,Scooter,200,Petrol
2059,PEOPLE S 150,Scooter,150,Petrol
2059,VENOX 250,Motorcycle,250,Petrol
2059,XCITING 400,Scooter,400,Petrol
2059,X-TOWN 250,Scooter,250,Petrol
2068,KP200,Motorcycle,200,Petrol
2068,KP350,Motorcycle,350,Petrol
2068,KPV 150,Scooter,150,Petrol
2068,LF125,Motorcycle,125,Petrol
2068,LF150,Motorcycle,150,Petrol
2068,LF15-T,Scooter,150,Petrol
2068,LF200GY-5A,Motorcycle,200,Petrol
2068,LF250D,Motorcycle,250,Petrol
2068,V16 (LF250-E),Motorcycle,250,Petrol
2077,LUNA MOON,Scooter,0,Electric
2077,S1-AIR,Scooter,0,Electric
2080,LX01,Scooter,0,Electric
2100,BUFFALO 250,Scooter,250,Petrol
2100,DAX 70,Motorcycle,70,Petrol
2100,HD 150,Motorcycle,150,Petrol
2100,HD 250 A,Motorcycle,250,Petrol
2100,LD 110 AD,Scooter,110,Petrol
2100,LD 110 H,Scooter,110,Petrol
2100,LD 110 L,Scooter,110,Petrol
2100,LD 110 MAX,Scooter,110,Petrol
2100,LD 110 MAX-AD,Scooter,110,Petrol
2100,LD 110 MAX-RT,Scooter,110,Petrol
2100,LD 110 RT,Scooter,110,Petrol
2100,LD 110 S,Scooter,110,Petrol
2100,MD 125,Scooter,125,Petrol
2100,MD 150,Scooter,150,Petrol
2100,QJ110E,Scooter,110,Petrol
2100,RD 150 CLASSIC,Motorcycle,150,Petrol
2100,RD 150 H,Motorcycle,150,Petrol
2100,RD 150 L,Motorcycle,150,Petrol
2100,RD150N-AD,Motorcycle,150,Petrol
2100,RD150N-RT,Motorcycle,150,Petrol
2100,RV 125,Motorcycle,125,Petrol
2100,TD 200 P,Motorcycle,200,Petrol
2100,TD 250,Motorcycle,250,Petrol
2100,TD150L,Motorcycle,150,Petrol
2100,W150,Motorcycle,150,Petrol
2100,W250 SPORT,Motorcycle,250,Petrol
2105,SEIEMMEZZO STR,Motorcycle,650,Petrol
2105,X-CAPE 650,Motorcycle,650,Petrol
2110,V85 TT,Motorcycle,853,Petrol
2113,AIR COOLED 110,Scooter,110,Petrol
2113,B110,Scooter,110,Petrol
2113,C110,Scooter,110,Petrol
2113,C150,Scooter,150,Petrol
2113,CD 125,Motorcycle,125,Petrol
2113,CITY CARGO 110,Scooter,110,Petrol
2113,CUSTOM 200,Motorcycle,200,Petrol
2113,CX 150,Motorcycle,150,Petrol
2113,CX 250,Motorcycle,250,Petrol
2113,FORZA 75,Scooter,75,Petrol
2113,GO 125 VINTAGE,Scooter,125,Petrol
2113,KRAKEN 50,Scooter,50,Petrol
2113,S110,Scooter,110,Petrol
2113,S2 150,Motorcycle,150,Petrol
2113,S250,Motorcycle,250,Petrol
2113,S3 150,Motorcycle,150,Petrol
2113,SIRIUS 150,Motorcycle,150,Petrol
2113,SIRIUS 190,Motorcycle,190,Petrol
2113,SIRIUS 250,Motorcycle,250,Petrol
2113,SKUA,Motorcycle,150,Petrol
2113,SKUA 125 X-TREME,Motorcycle,125,Petrol
2113,SKUA 200,Motorcycle,200,Petrol
2113,SKUA 250,Motorcycle,250,Petrol
2113,SKUA ADVENTURE 250,Motorcycle,250,Petrol
2113,SR 200,Motorcycle,200,Petrol
2113,STRATO 150,Motorcycle,150,Petrol
2113,STRATO FUN 80,Scooter,80,Petrol
2113,X3M,Motorcycle,125,Petrol
2113,XMM,Motorcycle,250,Petrol
2113,XMM 250,Motorcycle,250,Petrol
2126,BRUTALE 1000,Motorcycle,1000,Petrol
2126,F3 800,Motorcycle,800,Petrol
2126,SUPERVELOCE 800,Motorcycle,800,Petrol
2126,TURISMO VELOCE 800,Motorcycle,800,Petrol
2137,M+ SPORT,Scooter,0,Electric
2137,N SPORT,Scooter,0,Electric
2137,NQI SPORT,Scooter,0,Electric
2142,110,Scooter,110,Petrol
2142,DROP 125,Scooter,125,Petrol
2142,OKN 250,Motorcycle,250,Petrol
2142,OKN 300,Motorcycle,300,Petrol
2142,ROMA 125,Scooter,125,Petrol
2142,ST150,Motorcycle,150,Petrol
2156,BEVERLY 300,Scooter,300,Petrol
2156,GTS 300,Scooter,300,Petrol
2156,PRIMAVERA 150,Scooter,150,Petrol
2156,SPRINT 150,Scooter,150,Petrol
2156,VESPA,Scooter,150,Petrol
2156,VESPA SXL 150,Scooter,150,Petrol
2156,VESPA VXL 150,Scooter,150,Petrol
2190,CLASSIC 350,Motorcycle,350,Petrol
2190,CONTINENTAL GT,Motorcycle,650,Petrol
2190,HIMALAYAN,Motorcycle,411,Petrol
2190,HUNTER 350,Motorcycle,350,Petrol
2190,INTERCEPTOR,Motorcycle,650,Petrol
2190,METEOR 350,Motorcycle,350,Petrol
2190,SCRAM,Motorcycle,411,Petrol
2190,SHOTGUN 650,Motorcycle,650,Petrol
2190,SUPER METEOR 650,Motorcycle,650,Petrol
2195,250-9,Motorcycle,250,Petrol
2195,400 TWINS,Motorcycle,400,Petrol
2195,CF650,Motorcycle,650,Petrol
2195,CZ 250,Motorcycle,250,Petrol
2195,KY500X,Motorcycle,500,Petrol
2195,RM600,Motorcycle,600,Petrol
2195,TEKKEN 300,Motorcycle,300,Petrol
2195,V 800,Motorcycle,800,Petrol
2218,N4,Scooter,0,Electric
2218,QU 110 BASE,Scooter,110,Petrol
2218,QU110,Motorcycle,110,Petrol
2218,QUIRION 150,Motorcycle,150,Petrol
2218,TRENDER 150,Motorcycle,150,Petrol
2245,ANGER L3,Scooter,0,Electric
2245,GRACE,Motorcycle,0,Electric
2245,HAWK 3000,Scooter,0,Electric
2245,LMJR,Scooter,0,Electric
2245,LMJR HIGHSPEED,Scooter,0,Electric
2245,MIKU SUPER,Motorcycle,0,Electric
2245,ROBO L1,Scooter,0,Electric
2245,ROBO L3,Scooter,0,Electric
2245,SHINOX,Motorcycle,0,Electric
2256,AX100,Motorcycle,100,Petrol
2256,BURGMAN 125,Scooter,125,Petrol
2256,BURGMAN 200,Scooter,200,Petrol
2256,DR 650,Motorcycle,650,Petrol
2256,EN125,Motorcycle,125,Petrol
2256,GN125,Motorcycle,125,Petrol
2256,GSX 150,Motorcycle,150,Petrol
2256,GSX-R 1000,Motorcycle,1000,Petrol
2256,GSX-R 125,Motorcycle,125,Petrol
2256,GSX-S 125,Motorcycle,125,Petrol
2256,GSX-S 750,Motorcycle,750,Petrol
2256,V-STROM 1000,Motorcycle,1000,Petrol
2256,V-STROM 1050 XT,Motorcycle,1050,Petrol
2256,V-STROM 650,Motorcycle,650,Petrol
2259,CITYCOM 300,Scooter,300,Petrol
2259,CROX 125,Scooter,125,Petrol
2259,FIDDLE 150,Scooter,150,Petrol
2259,JET 14 200,Scooter,200,Petrol
2259,MAXSYM 500,Scooter,500,Petrol
2259,MAXSYM 500I,Scooter,500,Petrol
2259,MAXSYM 600,Scooter,600,Petrol
2259,SYMPHONY 125,Scooter,125,Petrol
2259,T1 180,Motorcycle,180,Petrol
2273,TEKKEN 250,Motorcycle,250,Petrol
2288,BONNEVILLE SPEEDMASTER 1200,Motorcycle,1200,Petrol
2288,SCRAMBLER 1200 XE,Motorcycle,1200,Petrol
2288,SCRAMBLER 400 X,Motorcycle,400,Petrol
2288,SCRAMBLER 865,Motorcycle,865,Petrol
2288,SPEED 400,Motorcycle,400,Petrol
2288,SPEED TWIN 900,Motorcycle,900,Petrol
2288,STREET TRIPLE 765 RS,Motorcycle,765,Petrol
2288,STREET TWIN 900,Motorcycle,900,Petrol
2288,THRUXTON 1200,Motorcycle,1200,Petrol
2288,TIGER 1200 RALLY EXPLORER,Motorcycle,1200,Petrol
2288,TIGER 1200 RALLY PRO,Motorcycle,1200,Petrol
2288,TIGER 900 GT PRO,Motorcycle,900,Petrol
2288,TIGER 900 RALLY,Motorcycle,900,Petrol
2288,TIGER 900 RALLY PRO,Motorcycle,900,Petrol
2288,TIGER 900 SPORT,Motorcycle,900,Petrol
2288,TIGER SPORT 660,Motorcycle,660,Petrol
2288,TRIDENT 660,Motorcycle,660,Petrol
2291,APACHE RR 310,Motorcycle,310,Petrol
2291,APACHE RTR 160,Motorcycle,160,Petrol
2291,APACHE RTR 200,Motorcycle,200,Petrol
2291,NTORQ,Scooter,125,Petrol
2291,RAIDER,Motorcycle,125,Petrol
2312,TS1200R,Motorcycle,0,Electric
2313,CPX,Scooter,0,Electric
2313,CUMINI,Scooter,0,Electric
2313,CUX,Scooter,0,Electric
2313,F01 L1,Scooter,0,Electric
2313,TC MAX,Motorcycle,0,Electric
2313,TC WANDERER,Motorcycle,0,Electric
2314,ACX 300,Motorcycle,300,Petrol
2314,DS 300,Motorcycle,300,Petrol
2314,DS 500,Motorcycle,500,Petrol
2314,DS 650,Motorcycle,650,Petrol
2314,R 500,Motorcycle,500,Petrol
2314,SFIDA SR4 350,Scooter,350,Petrol
2340,LEO,Scooter,0,Electric
2340,"MIKU MAX 0,8KW",Scooter,0,Electric
2340,"MIKU MAX 1,8KW",Scooter,0,Electric
2344,G5 CITY,Scooter,0,Electric
2344,S-LIKE,Scooter,0,Electric
2346,CYGNUS 100,Scooter,100,Petrol
2346,CYGNUS 125,Scooter,125,Petrol
2346,DT175,Motorcycle,175,Petrol
2346,FASCINO 125,Scooter,125,Petrol
2346,FZ 15 FAZER 150,Motorcycle,150,Petrol
2346,FZ 16,Motorcycle,150,Petrol
2346,FZ 250,Motorcycle,250,Petrol
2346,FZ FI 150,Motorcycle,150,Petrol
2346,FZ25 FAZER,Motorcycle,250,Petrol
2346,FZN150,Motorcycle,150,Petrol
2346,FZS150,Motorcycle,150,Petrol
2346,FZX 150,Motorcycle,150,Petrol
2346,MT-03,Motorcycle,300,Petrol
2346,MT-07,Motorcycle,700,Petrol
2346,NMAX 150,Scooter,150,Petrol
2346,R6,Motorcycle,600,Petrol
2346,RAY 125,Scooter,125,Petrol
2346,SZ 150,Motorcycle,150,Petrol
2346,T105E CRYPTON,Scooter,105,Petrol
2346,T110 CRYPTON,Scooter,110,Petrol
2346,TENERE 250 ADVENTURE,Motorcycle,250,Petrol
2346,TTR230,Motorcycle,230,Petrol
2346,XSR 900,Motorcycle,900,Petrol
2346,XT 125,Motorcycle,125,Petrol
2346,XT 250,Motorcycle,250,Petrol
2346,XT1200 SUPER TENERE,Motorcycle,1200,Petrol
2346,XTZ150,Motorcycle,150,Petrol
2346,YBR125,Motorcycle,125,Petrol
2346,YS250 FAZER,Motorcycle,250,Petrol
2364,CECCATO R 150,Motorcycle,150,Petrol
2364,CECCATO250,Motorcycle,250,Petrol
2364,CRUISER X 150,Scooter,150,Petrol
2364,CRUISER X1 170,Scooter,170,Petrol
2364,DUE 110,Scooter,110,Petrol
2364,DUE 110 CLASSIC,Scooter,110,Petrol
2364,DUE 125,Scooter,125,Petrol
2364,HOT 90,Scooter,90,Petrol
2364,PATAGONIAN EAGLE 150,Motorcycle,150,Petrol
2364,PATAGONIAN EAGLE 250,Motorcycle,250,Petrol
2364,PATAGONIAN EAGLE 350,Motorcycle,350,Petrol
2364,RX 200,Motorcycle,200,Petrol
2364,RX 200 NAKED,Motorcycle,200,Petrol
2364,RX 200 NEXT,Motorcycle,200,Petrol
2364,RX150,Motorcycle,150,Petrol
2364,RX150G3,Motorcycle,150,Petrol
2364,RX250,Motorcycle,250,Petrol
2364,RZ 25,Motorcycle,250,Petrol
2364,RZ 300,Motorcycle,300,Petrol
2364,RZ 35 R,Motorcycle,350,Petrol
2364,RZ 400,Motorcycle,400,Petrol
2364,RZ 650,Motorcycle,650,Petrol
2364,RZ3 292,Motorcycle,292,Petrol
2364,RZ650MT,Motorcycle,650,Petrol
2364,SAPUCAI150,Motorcycle,150,Petrol
2364,SAPUCAI150F,Motorcycle,150,Petrol
2364,STYLER 150,Scooter,150,Petrol
2364,STYLER 150 EXCLUSIVE,Scooter,150,Petrol
2364,STYLER 150 RS,Scooter,150,Petrol
2364,Z CARGA CRAZY 70,Scooter,70,Petrol
2364,ZB 125 R,Scooter,125,Petrol
2364,ZB110,Scooter,110,Petrol
2364,ZB110 D,Scooter,110,Petrol
2364,ZB110 RT,Scooter,110,Petrol
2364,ZR 125,Motorcycle,125,Petrol
2364,ZR150,Motorcycle,150,Petrol
2364,ZR200,Motorcycle,200,Petrol
2364,ZR250,Motorcycle,250,Petrol
2375,350 GK,Motorcycle,350,Petrol
2375,R 310,Motorcycle,310,Petrol
2375,ZT 310T,Motorcycle,310,Petrol
2375,ZT 310X,Motorcycle,310,Petrol
2375,ZT155,Motorcycle,155,Petrol
2375,ZT155-G,Motorcycle,155,Petrol
2375,ZT155-U,Motorcycle,155,Petrol
2375,ZT310M,Scooter,310,Petrol
2375,ZT310R,Motorcycle,310,Petrol
2375,ZT310V,Motorcycle,310,Petrol
1799,TR135B-IIID,Motorcycle,135,Petrol
1799,TR135B-VM,Motorcycle,135,Petrol
1799,TR135-CF,Motorcycle,135,Petrol
1803,AD150-30,Motorcycle,150,Petrol
1826,DRAGON 125,Motorcycle,125,Petrol
1826,DRAGON 150,Motorcycle,150,Petrol
1826,DRAGON 200,Motorcycle,200,Petrol
1852,ADVENTURE R250,Motorcycle,250,Petrol
1852,X-SWORD 250,Motorcycle,250,Petrol
1853,BMW G310R,Motorcycle,310,Petrol
1853,BMW R1100,Motorcycle,1100,Petrol
1853,R 1250 R,Motorcycle,1250,Petrol
1856,BSE ZETA 250,Motorcycle,250,Petrol
1866,BDW1000DQT-2,Scooter,0,Electric
1869,250,Motorcycle,250,Petrol
1882,CN200,Motorcycle,200,Petrol
1888,DF125-K,Motorcycle,125,Petrol
1888,DF150-2H,Motorcycle,150,Petrol
1888,DF200-2H,Motorcycle,200,Petrol
1889,DM 150-12,Motorcycle,150,Petrol
1889,DM125,Motorcycle,125,Petrol
1889,DM150,Motorcycle,150,Petrol
1889,DM200,Motorcycle,200,Petrol
1889,DM200-12,Motorcycle,200,Petrol
1889,DM200R,Motorcycle,200,Petrol
1889,DM250,Motorcycle,250,Petrol
1890,DC110,Motorcycle,110,Petrol
1890,DC150,Motorcycle,150,Petrol
1890,DC200,Motorcycle,200,Petrol
1895,DY150,Motorcycle,150,Petrol
1895,DY200,Motorcycle,200,Petrol
1898,NC135-S,Scooter,135,Petrol
1898,NC250,Motorcycle,250,Petrol
1898,UNKNOWN STREET COMMUTER 200 CC,Motorcycle,200,Petrol
1905,MULTISTRADA 1000,Motorcycle,1000,Petrol
1923,GN 125,Motorcycle,125,Petrol
1923,HJ125-3B,Motorcycle,125,Petrol
1933,FX135-BIZZ,Scooter,135,Petrol
1933,FX135-V,Scooter,135,Petrol
1933,FX150,Motorcycle,150,Petrol
1933,FX200,Motorcycle,200,Petrol
1933,FX200-10,Motorcycle,200,Petrol
1933,FX200-CGL,Motorcycle,200,Petrol
1933,FX200-GT,Motorcycle,200,Petrol
1933,FX200-JB,Motorcycle,200,Petrol
1933,FX200-JC,Motorcycle,200,Petrol
1933,FX200-WF,Motorcycle,200,Petrol
1933,FX250,Motorcycle,250,Petrol
1933,FX250-11,Motorcycle,250,Petrol
1933,FX250-B,Motorcycle,250,Petrol
1933,FX250-CRF,Motorcycle,250,Petrol
1933,FX320,Motorcycle,320,Petrol
1951,CGL 200,Motorcycle,200,Petrol
1955,GLADIO GL150T,Motorcycle,150,Petrol
1972,HAWK200,Motorcycle,200,Petrol
1972,HJ110-8,Scooter,110,Petrol
1972,HJ125T,Scooter,125,Petrol
1972,HJ150-28 RICO,Motorcycle,150,Petrol
1973,DH-125,Motorcycle,125,Petrol
1973,DR160S,Motorcycle,160,Petrol
1973,DR300,Motorcycle,300,Petrol
1973,EG125,Motorcycle,125,Petrol
1973,EG150X,Motorcycle,150,Petrol
1973,HD110-5,Scooter,110,Petrol
1973,HJ110,Motorcycle,110,Petrol
1973,HJ125-8,Motorcycle,125,Petrol
1973,HJ150,Motorcycle,150,Petrol
1973,KA150,Motorcycle,150,Petrol
1973,TZ150,Motorcycle,150,Petrol
1973,UD110,Scooter,110,Petrol
1973,UH115,Scooter,115,Petrol
1973,VR150,Scooter,150,Petrol
1980,ECO,Motorcycle,100,Petrol
1980,HF DAWN 125,Motorcycle,125,Petrol
1980,HF DAWN 150,Motorcycle,150,Petrol
1980,SPLENDOR ISMART,Motorcycle,110,Petrol
1982,ADVANCE 250,Motorcycle,250,Petrol
1982,BELLA 150,Scooter,150,Petrol
1982,FREEDOM150,Scooter,150,Petrol
1982,NTX250,Motorcycle,250,Petrol
1983,CB125,Motorcycle,125,Petrol
1983,CG110,Motorcycle,110,Petrol
1983,CRF250F,Motorcycle,250,Petrol
1983,CRF250RX,Motorcycle,250,Petrol
1983,DIO 110,Scooter,110,Petrol
1983,NXR150,Motorcycle,150,Petrol
1983,PCX 125,Scooter,125,Petrol
1983,POP 110,Scooter,110,Petrol
1983,SHINE 100,Motorcycle,100,Petrol
1983,XBLADE160,Motorcycle,160,Petrol
1983,XR250,Motorcycle,250,Petrol
1985,SUPER CUB 125,Scooter,125,Petrol
1987,EK1,Scooter,0,Electric
1991,CG150,Motorcycle,150,Petrol
1991,GN150,Motorcycle,150,Petrol
1995,FE 350 ROCKSTAR EDITION,Motorcycle,350,Petrol
2016,BIZZ 135,Motorcycle,135,Petrol
2016,MT 250,Motorcycle,250,Petrol
2016,XTREET 200,Motorcycle,200,Petrol
2031,KD250,Motorcycle,250,Petrol
2031,KL125-9,Motorcycle,125,Petrol
2031,KL150-10,Motorcycle,150,Petrol
2031,KL150-11,Motorcycle,150,Petrol
2031,KL150-22,Motorcycle,150,Petrol
2031,KL150-26,Motorcycle,150,Petrol
2031,KL200-11,Motorcycle,200,Petrol
2031,KL200-20,Motorcycle,200,Petrol
2031,KL200-22,Motorcycle,200,Petrol
2032,KF125-A,Scooter,125,Petrol
2032,KF125-B,Scooter,125,Petrol
2032,KF125-C,Scooter,125,Petrol
2032,KF150-11,Motorcycle,150,Petrol
2032,KF200-11,Motorcycle,200,Petrol
2037,AK 200,Motorcycle,200,Petrol
2037,CG 200,Motorcycle,200,Petrol
2037,FD 200,Motorcycle,200,Petrol
2038,KX125,Motorcycle,125,Petrol
2039,K2 250,Motorcycle,250,Petrol
2039,K4 250,Motorcycle,250,Petrol
2039,T2 250,Motorcycle,250,Petrol
2039,T4 250,Motorcycle,250,Petrol
2042,CITY BLADE 150,Scooter,150,Petrol
2042,JOY110,Scooter,110,Petrol
2042,KEE110,Scooter,110,Petrol
2042,PATAGONIAN EAGLE 250,Motorcycle,250,Petrol
2042,RKG 150,Motorcycle,150,Petrol
2042,SUPERLIGHT 200,Motorcycle,200,Petrol
2054,MX 250,Motorcycle,250,Petrol
2055,1290 SUPER ADVENTURE,Motorcycle,1290,Petrol
2055,300 XC-W,Motorcycle,300,Petrol
2055,350 XC-F,Motorcycle,350,Petrol
2055,450 EXC-F,Motorcycle,450,Petrol
2055,450 SX-F,Motorcycle,450,Petrol
2055,500 EXC-F,Motorcycle,500,Petrol
2055,85 SX,Motorcycle,85,Petrol
2059,VISAR 50,Scooter,50,Petrol
2060,KG135-AD,Motorcycle,135,Petrol
2060,KG135-ADIII,Motorcycle,135,Petrol
2060,KG135B-IIID,Motorcycle,135,Petrol
2060,KG135B-VM,Motorcycle,135,Petrol
2060,KG135-CFK,Scooter,135,Petrol
2060,KG135-NF,Scooter,135,Petrol
2060,KG135-WV,Motorcycle,135,Petrol
2060,KG150-19D,Motorcycle,150,Petrol
2060,KG200-15D,Motorcycle,200,Petrol
2060,KG200-19D,Motorcycle,200,Petrol
2060,KG200GN-21D,Motorcycle,200,Petrol
2060,KG250GY-12,Motorcycle,250,Petrol
2060,KG250GY-17L,Motorcycle,250,Petrol
2060,KG250GY-18,Motorcycle,250,Petrol
2060,KG250GY-20,Motorcycle,250,Petrol
2066,SELIUM 200,Motorcycle,200,Petrol
2068,LF110,Scooter,110,Petrol
2068,LF125T-9L,Scooter,125,Petrol
2068,LF150-10M,Motorcycle,150,Petrol
2068,LF200,Motorcycle,200,Petrol
2068,LF250,Motorcycle,250,Petrol
2074,CR3 200,Motorcycle,200,Petrol
2074,LX150,Motorcycle,150,Petrol
2074,LX250,Motorcycle,250,Petrol
2074,LX250 GY,Motorcycle,250,Petrol
2074,LX300-GY,Motorcycle,300,Petrol
2086,BOSS250,Scooter,250,Petrol
2086,CITY 150,Scooter,150,Petrol
2086,KORAK-125,Motorcycle,125,Petrol
2086,MRF200,Motorcycle,200,Petrol
2086,MRF250,Motorcycle,250,Petrol
2086,MT110,Motorcycle,110,Petrol
2086,NOVA 110,Motorcycle,110,Petrol
2086,WAVE 125,Scooter,125,Petrol
2087,BOSS 150,Motorcycle,150,Petrol
2087,SPORT 200,Motorcycle,200,Petrol
2087,STRONG 250,Motorcycle,250,Petrol
2101,MT110-9,Scooter,110,Petrol
2101,MT125,Motorcycle,125,Petrol
2101,MT150,Motorcycle,150,Petrol
2101,MT200,Motorcycle,200,Petrol
2101,MT250,Motorcycle,250,Petrol
2101,MT300,Motorcycle,300,Petrol
2111,CG 150,Motorcycle,150,Petrol
2111,CGL 150,Motorcycle,150,Petrol
2111,CLASSIC 200 CG,Motorcycle,200,Petrol
2111,RIDER250,Motorcycle,250,Petrol
2113,CGL200,Motorcycle,200,Petrol
2113,HY200-BY,Motorcycle,200,Petrol
2113,HY200-LH,Motorcycle,200,Petrol
2114,T250-B,Motorcycle,250,Petrol
2114,XR135,Scooter,135,Petrol
2152,COMPETITION150,Motorcycle,150,Petrol
2152,HURACAN250,Motorcycle,250,Petrol
2152,KTX200,Motorcycle,200,Petrol
2152,LEGEND250,Motorcycle,250,Petrol
2152,NX250,Motorcycle,250,Petrol
2152,PHANTOM200,Motorcycle,200,Petrol
2152,POWER150,Motorcycle,150,Petrol
2152,PRINCE200,Motorcycle,200,Petrol
2152,SIRENA135,Scooter,135,Petrol
2152,STAR135,Scooter,135,Petrol
2152,STAR150,Scooter,150,Petrol
2152,VENCER 200,Motorcycle,200,Petrol
2152,X TRAIL 250,Motorcycle,250,Petrol
2152,X250,Motorcycle,250,Petrol
2152,XTREME250,Motorcycle,250,Petrol
2153,JT250-14L,Motorcycle,250,Petrol
2153,JT250-19,Motorcycle,250,Petrol
2153,JT250-85,Motorcycle,85,Petrol
2153,JT300-22,Motorcycle,300,Petrol
2153,KD250-V,Motorcycle,250,Petrol
2156,VESPA UNKNOWN,Scooter,150,Petrol
2164,PW-BIS-125,Scooter,125,Petrol
2164,PW-BLITZ-125,Scooter,125,Petrol
2164,PW-BROZZ-250,Motorcycle,250,Petrol
2164,PW-CGL-150,Motorcycle,150,Petrol
2164,PW-LIBERTY-150,Motorcycle,150,Petrol
2174,RW150,Motorcycle,150,Petrol
2174,RW-200,Motorcycle,200,Petrol
2174,RW250,Motorcycle,250,Petrol
2181,ADVENTURE 200,Motorcycle,200,Petrol
2181,RX-250,Motorcycle,250,Petrol
2182,RN FORZA 200,Motorcycle,200,Petrol
2182,RN FORZA 250,Motorcycle,250,Petrol
2193,RD150-17,Motorcycle,150,Petrol
2193,RD200,Motorcycle,200,Petrol
2199,SY150,Motorcycle,150,Petrol
2199,SY200GY-2,Motorcycle,200,Petrol
2209,ADVENTURE SPORT 200,Motorcycle,200,Petrol
2209,DUST 250,Motorcycle,250,Petrol
2209,FOX 110,Scooter,110,Petrol
2209,LINK 110,Scooter,110,Petrol
2209,LYON 150,Motorcycle,150,Petrol
2209,TANK 250,Motorcycle,250,Petrol
2209,THUNDER 250R,Motorcycle,250,Petrol
2209,WIND 125,Scooter,125,Petrol
2224,SG150,Motorcycle,150,Petrol
2224,SG200,Motorcycle,200,Petrol
2225,ST 125-8 SKYBONGO,Motorcycle,125,Petrol
2225,ST125,Motorcycle,125,Petrol
2230,SC150-15-V,Scooter,150,Petrol
2252,XD 250L,Motorcycle,250,Petrol
2252,X-RUDE 135,Scooter,135,Petrol
2253,BROZ 200,Motorcycle,200,Petrol
2253,BROZ 250,Motorcycle,250,Petrol
2256,DR 200,Motorcycle,200,Petrol
2256,GD115,Motorcycle,115,Petrol
2256,GSX-150 R,Motorcycle,150,Petrol
2256,GSX-250 R,Motorcycle,250,Petrol
2256,GSX-S 150,Motorcycle,150,Petrol
2272,TR150CGL-ES,Motorcycle,150,Petrol
2272,TR200-16,Motorcycle,200,Petrol
2272,TR200-CGL,Motorcycle,200,Petrol
2272,TR200-PA,Motorcycle,200,Petrol
2272,TR250-CRF,Motorcycle,250,Petrol
2272,TR250-XMT,Motorcycle,250,Petrol
2272,TR250-Z,Motorcycle,250,Petrol
2272,TR250-ZE,Motorcycle,250,Petrol
2273,TK150,Motorcycle,150,Petrol
2273,TK200,Motorcycle,200,Petrol
2273,TK250,Motorcycle,250,Petrol
2273,TK-CB250,Motorcycle,250,Petrol
2285,BRUTALLE 250R,Motorcycle,250,Petrol
2285,BS150GY-10,Scooter,150,Petrol
2285,RUSH 200R,Motorcycle,200,Petrol
2285,TR125CC,Motorcycle,125,Petrol
2285,TR135-AD,Motorcycle,135,Petrol
2285,TR135-ADIII,Motorcycle,135,Petrol
2285,TR135-NG,Scooter,135,Petrol
2290,KTR250,Motorcycle,250,Petrol
2290,T200-12,Motorcycle,200,Petrol
2290,TR135,Motorcycle,135,Petrol
2290,TR135-NF,Scooter,135,Petrol
2290,TR135-WV,Scooter,135,Petrol
2290,TR150-CB,Motorcycle,150,Petrol
2290,TR150-H,Motorcycle,150,Petrol
2290,TR200-CB,Motorcycle,200,Petrol
2290,TR250-21,Motorcycle,250,Petrol
2290,TR250GY-12,Motorcycle,250,Petrol
2290,TR250GY-6,Motorcycle,250,Petrol
2290,TR250GY-H,Motorcycle,250,Petrol
2290,TR250-MT,Motorcycle,250,Petrol
2290,Z200,Motorcycle,200,Petrol
2291,APACHE RTR 310,Motorcycle,310,Petrol
2291,RONIN 225,Motorcycle,225,Petrol
2291,STAR HLX 125,Motorcycle,125,Petrol
2291,STAR HLX 150,Motorcycle,150,Petrol
2291,STAR HLX 150X,Motorcycle,150,Petrol
2297,BIZ135,Scooter,135,Petrol
2297,CRF250,Motorcycle,250,Petrol
2297,FOX 125,Scooter,125,Petrol
2297,JET 150,Motorcycle,150,Petrol
2297,ROCKY 135,Scooter,135,Petrol
2297,ZRX200,Motorcycle,200,Petrol
2313,TS1200R,Motorcycle,0,Electric
2342,X135,Motorcycle,135,Petrol
2342,XM200,Motorcycle,200,Petrol
2342,XM250,Motorcycle,250,Petrol
2344,C-LIKE,Scooter,0,Electric
2344,EM215,Scooter,0,Electric
2344,LUNA,Scooter,0,Electric
2344,Z3,Scooter,0,Electric
2344,Z6,Motorcycle,0,Electric
2346,MT-09,Motorcycle,900,Petrol
2346,YZ 250,Motorcycle,250,Petrol
2348,ALCON 250,Motorcycle,250,Petrol
2349,CG250,Motorcycle,250,Petrol
2350,ALEMANA 200,Motorcycle,200,Petrol
2350,SCRAMBLER 250,Motorcycle,250,Petrol
2359,TDT503Z,Scooter,503,Petrol
2366,ARES 200,Motorcycle,200,Petrol
2366,BRUTALE 200,Motorcycle,200,Petrol
2366,BRUTALE 250,Motorcycle,250,Petrol
2366,BULLER250,Motorcycle,250,Petrol
2366,CBR250,Motorcycle,250,Petrol
2366,DISCOVERY 250,Motorcycle,250,Petrol
2366,FAST200,Motorcycle,200,Petrol
2366,FURIOUS 250,Motorcycle,250,Petrol
2366,RACING135,Scooter,135,Petrol
2366,RAPTOR 250,Motorcycle,250,Petrol
2366,ROCKSTAR250,Motorcycle,250,Petrol
2366,RSL250,Motorcycle,250,Petrol
2366,STRONG 150,Motorcycle,150,Petrol
2366,STRONG 200,Motorcycle,200,Petrol
2366,TITANIUM200,Motorcycle,200,Petrol
2366,YOUNG135,Scooter,135,Petrol
2366,Z250,Motorcycle,250,Petrol
2375,125 G1,Motorcycle,125,Petrol
2375,U-155,Motorcycle,155,Petrol
1815,SUN 50,Scooter,50,Petrol
1815,SUPERLET 50,Scooter,50,Petrol
1831,AZ1 50,Scooter,50,Petrol
1838,DOMINAR 160,Motorcycle,160,Petrol
1838,DOMINAR 200,Motorcycle,200,Petrol
1853,C400 X,Scooter,400,Petrol
1853,F 900 R,Motorcycle,900,Petrol
1853,K 1600 GT,Motorcycle,1600,Petrol
1853,R 1250 RT,Motorcycle,1250,Petrol
1853,S 1000 R,Motorcycle,1000,Petrol
1859,PLUS 50,Scooter,50,Petrol
1864,BM-T180,Motorcycle,180,Petrol
1864,KRC50,Scooter,50,Petrol
1864,LIV 125,Scooter,125,Petrol
1864,MAXX KRC50,Scooter,50,Petrol
1864,SPIRIT S50,Scooter,50,Petrol
1887,HORIZON 150,Motorcycle,150,Petrol
1887,MAXSYM 400I,Scooter,400,Petrol
1887,NH 300,Motorcycle,300,Petrol
1887,RIVA 150,Scooter,150,Petrol
1887,SPEED 150,Scooter,150,Petrol
1887,SUPER 50,Scooter,50,Petrol
1887,ZIG 50,Scooter,50,Petrol
1905,DESERTX,Motorcycle,937,Petrol
1905,DIAVEL 1198,Motorcycle,1198,Petrol
1905,DIAVEL 1260,Motorcycle,1260,Petrol
1905,MONSTER 1200,Motorcycle,1200,Petrol
1905,MONSTER 900,Motorcycle,900,Petrol
1905,MULTISTRADA 1260,Motorcycle,1260,Petrol
1905,MULTISTRADA 950,Motorcycle,950,Petrol
1905,PANIGALE V4,Motorcycle,1103,Petrol
1905,PANIGALE V4 S,Motorcycle,1103,Petrol
1905,SCRAMBLER 1100,Motorcycle,1100,Petrol
1905,STREETFIGHTER V4 S,Motorcycle,1103,Petrol
1905,XDIAVEL 1300,Motorcycle,1300,Petrol
1973,CHOPPER ROAD 150,Motorcycle,150,Petrol
1973,DK 150,Motorcycle,150,Petrol
1973,DK160,Motorcycle,160,Petrol
1973,DR 161,Motorcycle,161,Petrol
1973,LINDY 125,Scooter,125,Petrol
1973,LINDY EQ HJ125,Scooter,125,Petrol
1973,MASTER RIDE 150,Motorcycle,150,Petrol
1973,NEX 110,Scooter,110,Petrol
1973,NEX 115,Scooter,115,Petrol
1975,BREAKOUT 1868,Motorcycle,1868,Petrol
1975,CVO ROAD GLIDE LIMITED,Motorcycle,1923,Petrol
1975,FAT BOB 1584,Motorcycle,1584,Petrol
1975,FLHRXS ROAD KING SPECIAL 1868CC,Motorcycle,1868,Petrol
1975,FX 1200,Motorcycle,1200,Petrol
1975,FXDR 114 1868CC,Motorcycle,1868,Petrol
1975,FXRS LOW RIDER,Motorcycle,1340,Petrol
1975,HERITAGE SOFTAIL CLASSIC 110 ANNIVERSARY EDITION,Motorcycle,110,Petrol
1975,IRON 883,Motorcycle,883,Petrol
1975,NIGHTSTER 975,Motorcycle,975,Petrol
1975,PAN AMERICA 1250,Motorcycle,1250,Petrol
1975,ROAD GLIDE,Motorcycle,1868,Petrol
1975,ROAD GLIDE LIMITED,Motorcycle,1868,Petrol
1975,ROAD KING,Motorcycle,1745,Petrol
1975,SOFTAIL,Motorcycle,1868,Petrol
1975,SOFTAIL LOW RIDER ST,Motorcycle,1923,Petrol
1975,SPORT GLIDE 1745,Motorcycle,1745,Petrol
1975,SPORTSTER 1200,Motorcycle,1200,Petrol
1975,STREET GLIDE 1745,Motorcycle,1745,Petrol
1975,ULTRA LIMITED 1868,Motorcycle,1868,Petrol
1980,VIDA V1 PRO,Scooter,0,Electric
1980,XOOM,Scooter,110,Petrol
1980,XTREME 160,Motorcycle,160,Petrol
1983,ADV 150,Scooter,150,Petrol
1983,BIZ100,Scooter,100,Petrol
1983,BIZ110,Scooter,110,Petrol
1983,CB 250 TWISTER,Motorcycle,250,Petrol
1983,CB1000R,Motorcycle,1000,Petrol
1983,CB650,Motorcycle,650,Petrol
1983,CB650R,Motorcycle,650,Petrol
1983,CBR1000 FIREBLADE,Motorcycle,1000,Petrol
1983,CBR650,Motorcycle,650,Petrol
1983,CG 160,Motorcycle,160,Petrol
1983,CRF1000 AFRICA TWIN,Motorcycle,1000,Petrol
1983,DIO,Scooter,110,Petrol
1983,FORZA 350,Scooter,350,Petrol
1983,GL1800 GOLD WING,Motorcycle,1800,Petrol
1983,LEAD 110,Scooter,110,Petrol
1983,POP 100,Scooter,100,Petrol
1983,POP 110I,Scooter,110,Petrol
1983,SH 150,Scooter,150,Petrol
1983,SH 300,Scooter,300,Petrol
1983,X-ADV 750,Scooter,750,Petrol
1983,XRE 300 SAHARA,Motorcycle,300,Petrol
1983,XRE190,Motorcycle,190,Petrol
1995,VITPILEN 701,Motorcycle,701,Petrol
2038,NINJA 300,Motorcycle,300,Petrol
2038,NINJA ZX-4R,Motorcycle,400,Petrol
2038,NINJA ZX-6R 636,Motorcycle,636,Petrol
2038,Z650RS,Motorcycle,650,Petrol
2038,Z900RS,Motorcycle,900,Petrol
2059,AGILITY 50,Scooter,50,Petrol
2059,PEOPLE 300,Scooter,300,Petrol
2118,AMAZON-E,Scooter,0,Electric
2118,SPORT 110I,Motorcycle,110,Petrol
2137,N-SERIES L1,Scooter,0,Electric
2137,UQI GT,Scooter,0,Electric
2144,X,Motorcycle,0,Electric
2156,VXL 150,Scooter,150,Petrol
2190,BULLET 500,Motorcycle,500,Petrol
2190,GUERRILLA 450,Motorcycle,450,Petrol
2211,RAIDER 150 SHAH,Scooter,150,Petrol
2211,SHAH THE 110,Scooter,110,Petrol
2217,FIRE 150,Motorcycle,150,Petrol
2217,JET 125,Motorcycle,125,Petrol
2217,SH 125 WORKER,Motorcycle,125,Petrol
2217,SHI 175,Motorcycle,175,Petrol
2217,XY50,Scooter,50,Petrol
2233,AS 110,Scooter,110,Petrol
2233,AS 150,Scooter,150,Petrol
2233,AS 50,Scooter,50,Petrol
2233,CR 150,Motorcycle,150,Petrol
2256,GS125,Motorcycle,125,Petrol
2256,GSX-1300 HAYABUSA,Motorcycle,1300,Petrol
2256,GSX-S 1000,Motorcycle,1000,Petrol
2256,VL125 INTRUDER,Motorcycle,125,Petrol
2256,V-STROM 1000 XT,Motorcycle,1000,Petrol
2259,CRUISYM 150,Scooter,150,Petrol
2259,CRUISYM 300,Scooter,300,Petrol
2259,NEXT 300,Scooter,300,Petrol
2259,NH190,Motorcycle,190,Petrol
2287,SKY50,Scooter,50,Petrol
2288,ROCKET 3 R,Motorcycle,2458,Petrol
2288,SPEED TWIN 1200,Motorcycle,1200,Petrol
2288,STREET TRIPLE 660,Motorcycle,660,Petrol
2288,TIGER 1200,Motorcycle,1200,Petrol
2288,TIGER 800,Motorcycle,800,Petrol
2288,TRIUMPH 400,Motorcycle,400,Petrol
2291,SPORT ES,Motorcycle,110,Petrol
2291,SPORT KS,Motorcycle,110,Petrol
2291,STAR HLX 100,Motorcycle,100,Petrol
2313,E-MAX VS1,Motorcycle,0,Electric
2313,VS1,Motorcycle,0,Electric
2319,EV1 SPORT,Scooter,0,Electric
2319,EVS,Scooter,0,Electric
2325,W125,Motorcycle,125,Petrol
2325,W1252,Motorcycle,1252,Petrol
2333,WY 50QT,Scooter,50,Petrol
2333,WY48Q2 LIBERTY 50,Scooter,50,Petrol
2346,FLUO,Scooter,125,Petrol
2346,LANDER 250,Motorcycle,250,Petrol
2346,MAKE 150,Motorcycle,150,Petrol
2346,MAKE 250,Motorcycle,250,Petrol
2346,NEO 125,Scooter,125,Petrol
2346,R3,Motorcycle,300,Petrol
2346,SUPER TENERE 1200,Motorcycle,1200,Petrol
2346,XMAX 300,Scooter,300,Petrol
2346,XTZ 150 CROSSER,Motorcycle,150,Petrol
2346,YBR150,Motorcycle,150,Petrol
2346,YZF R15,Motorcycle,155,Petrol
2375,R310,Motorcycle,310,Petrol
2375,V310,Motorcycle,310,Petrol
1807,AD 1000,Scooter,1000,Petrol
1807,AD 800,Scooter,800,Petrol
1807,XX1600DT 5,Scooter,1600,Petrol
1821,RS 660,Motorcycle,660,Petrol
1821,SXR 160,Scooter,160,Petrol
1838,PULSAR 150,Motorcycle,150,Petrol
1842,LEONCINO 800,Motorcycle,800,Petrol
1842,LEONCINO TRAIL 500,Motorcycle,500,Petrol
1842,PANAREA 125,Scooter,125,Petrol
1842,TRE 1130 K,Motorcycle,1130,Petrol
1842,VJ125,Scooter,125,Petrol
1853,F 900 XR,Motorcycle,900,Petrol
1853,R 1200 GS,Motorcycle,1200,Petrol
1853,R75,Motorcycle,75,Petrol
1853,R90/6,Motorcycle,90,Petrol
1854,100,Scooter,100,Petrol
1854,130,Scooter,130,Petrol
1854,150,Scooter,150,Petrol
1854,160,Scooter,160,Petrol
1854,SPORT RSV 50,Scooter,50,Petrol
1855,LF150T-12D,Motorcycle,150,Petrol
1856,PH10 125,Motorcycle,125,Petrol
1865,BICIMOTO 110 CC,Scooter,110,Petrol
1871,150NK,Motorcycle,150,Petrol
1878,CORSA R 335,Motorcycle,335,Petrol
1878,CORSA R 500,Motorcycle,500,Petrol
1878,CORSA RZ 335,Motorcycle,335,Petrol
1878,CUSTOM 335,Motorcycle,335,Petrol
1880,CZM 150,Motorcycle,150,Petrol
1880,CZM 200,Motorcycle,200,Petrol
1880,TZM 150,Motorcycle,150,Petrol
1886,S1 125,Scooter,125,Petrol
1894,E-ODIN,Motorcycle,0,Electric
1896,DR 150 XMA,Motorcycle,150,Petrol
1896,DR 17 49CC,Scooter,49,Petrol
1896,R6 49CC,Scooter,49,Petrol
1904,BJSE480,Scooter,480,Petrol
1904,BJSE550,Scooter,550,Petrol
1905,PANIGALE V2,Motorcycle,955,Petrol
1922,LX 01,Scooter,0,Electric
1922,LX05,Scooter,0,Electric
1923,LUHU 150,Motorcycle,150,Petrol
1924,KD 150,Motorcycle,150,Petrol
1924,KD 150J,Motorcycle,150,Petrol
1924,REX 150,Motorcycle,150,Petrol
1924,VINTAGE 150,Motorcycle,150,Petrol
1924,VINTAGE CAFE 150,Motorcycle,150,Petrol
1926,CA1000,Scooter,1000,Petrol
1926,PIONEER MINI STAR 49CC,Scooter,49,Petrol
1926,SET500,Scooter,500,Petrol
1930,DEL REY 49,Scooter,49,Petrol
1930,FK49,Motorcycle,49,Petrol
1935,ELECTRIC,Scooter,0,Electric
1947,PRO RACING 250 CC,Motorcycle,250,Petrol
1952,EC 300,Motorcycle,300,Petrol
1952,EX 250F,Motorcycle,250,Petrol
1958,EVA 50,Scooter,50,Petrol
1958,GT 250,Motorcycle,250,Petrol
1958,PAINE 125,Motorcycle,125,Petrol
1958,RUNNER 125,Scooter,125,Petrol
1958,RUNNER 125 VX,Motorcycle,125,Petrol
1973,TR150,Motorcycle,150,Petrol
1973,VS125,Motorcycle,125,Petrol
1975,XL883,Motorcycle,883,Petrol
1983,CB160F,Motorcycle,160,Petrol
1983,CBF 190,Motorcycle,190,Petrol
1983,CBF125 TWISTER,Motorcycle,125,Petrol
1983,CBF150,Motorcycle,150,Petrol
1983,CBR 250R,Motorcycle,250,Petrol
1983,CH125,Scooter,125,Petrol
1983,CRF 110 F,Motorcycle,110,Petrol
1983,CRF100 F,Motorcycle,100,Petrol
1983,CRF230,Motorcycle,230,Petrol
1983,CRF300L,Motorcycle,300,Petrol
1983,SHADOW 150,Motorcycle,150,Petrol
1983,SHADOW 750,Motorcycle,750,Petrol
1983,SUPER CUB 50,Scooter,50,Petrol
1983,TODAY 50,Scooter,50,Petrol
1983,TORNADO 250,Motorcycle,250,Petrol
1983,VT1300CX,Motorcycle,1300,Petrol
1983,XL750,Motorcycle,750,Petrol
1983,XL750 TRANSALP,Motorcycle,750,Petrol
1987,CR6,Motorcycle,0,Electric
1987,EK3,Scooter,0,Electric
1991,MINE SCOOTER (ELECTRIC),Scooter,0,Electric
1991,ZL3,Scooter,0,Electric
1992,1500,Scooter,1500,Petrol
1992,2000,Scooter,2000,Petrol
1995,NORDEN 901 EXPEDITION,Motorcycle,901,Petrol
1998,CHIEF 1890,Motorcycle,1890,Petrol
1998,CHIEFTAIN 1811,Motorcycle,1811,Petrol
1998,SCOUT 1200,Motorcycle,1200,Petrol
1998,SCOUT 1265,Motorcycle,1265,Petrol
1998,SPRINGFIELD 1811,Motorcycle,1811,Petrol
2018,E-SCOOTER,Scooter,0,Electric
2025,GB1200DZH,Motorcycle,1200,Petrol
2038,KLX230,Motorcycle,230,Petrol
2038,NINJA 250,Motorcycle,250,Petrol
2038,Z800,Motorcycle,800,Petrol
2042,RK 200,Motorcycle,200,Petrol
2042,V302C,Motorcycle,302,Petrol
2048,JL150,Motorcycle,150,Petrol
2050,BWS Z 125,Scooter,125,Petrol
2050,FALCON125,Scooter,125,Petrol
2055,250 EXC,Motorcycle,250,Petrol
2055,250 XC,Motorcycle,250,Petrol
2055,300 EXC,Motorcycle,300,Petrol
2055,300 XC,Motorcycle,300,Petrol
2055,50 SX,Motorcycle,50,Petrol
2059,X-TOWN 300,Scooter,300,Petrol
2064,JDSL 160,Scooter,160,Petrol
2064,JDSL 180,Scooter,180,Petrol
2067,ZF1200DQT 5,Motorcycle,1200,Petrol
2068,KPF150,Motorcycle,150,Petrol
2068,KPR200,Motorcycle,200,Petrol
2068,KPT200,Motorcycle,200,Petrol
2068,LF 150T-8,Scooter,150,Petrol
2068,LF150-10E,Motorcycle,150,Petrol
2068,LF150-10F,Motorcycle,150,Petrol
2068,LF150GY,Motorcycle,150,Petrol
2068,LF150GY 4 II,Motorcycle,150,Petrol
2068,SIENNA 150,Scooter,150,Petrol
2068,X-PECT 250,Motorcycle,250,Petrol
2074,CR3,Motorcycle,165,Petrol
2074,CR3 150,Motorcycle,150,Petrol
2074,LX125 T,Scooter,125,Petrol
2074,LX150 GY,Motorcycle,150,Petrol
2074,LX180,Motorcycle,180,Petrol
2074,LX200 GY,Motorcycle,200,Petrol
2074,SX250TT,Motorcycle,250,Petrol
2082,MINI 49 CC,Motorcycle,49,Petrol
2089,F1-BD 49,Motorcycle,49,Petrol
2090,GB 110,Scooter,110,Petrol
2090,XL150,Scooter,150,Petrol
2096,CROSS H68,Motorcycle,68,Petrol
2099,BRAVO,Scooter,0,Electric
2099,M-200,Scooter,200,Petrol
2099,M-300,Scooter,300,Petrol
2099,M-500,Motorcycle,500,Petrol
2099,MBK 1000,Scooter,1000,Petrol
2106,GST150T-11A,Motorcycle,150,Petrol
2116,CG 150,Motorcycle,150,Petrol
2116,CORSA 150,Motorcycle,150,Petrol
2116,EXPRESS 100,Scooter,100,Petrol
2116,EXPRESS-S 100,Scooter,100,Petrol
2116,MRC 150,Motorcycle,150,Petrol
2116,MRC 150 CC,Motorcycle,150,Petrol
2116,MRC300,Motorcycle,300,Petrol
2116,NAKED 150,Motorcycle,150,Petrol
2116,RACER150,Motorcycle,150,Petrol
2116,TEKKEN250,Motorcycle,250,Petrol
2116,TTX 250,Motorcycle,250,Petrol
2116,TTX150,Motorcycle,150,Petrol
2116,V-MAX250,Motorcycle,250,Petrol
2116,XMM250,Motorcycle,250,Petrol
2116,ZX 150 R,Scooter,150,Petrol
2116,ZX150,Scooter,150,Petrol
2137,GOVA G3,Scooter,0,Electric
2137,MQI GT,Scooter,0,Electric
2137,M-SERIES L3,Scooter,0,Electric
2137,NIU,Scooter,0,Electric
2137,NQI GTS SPORT L3,Scooter,0,Electric
2137,UQI GT SPORT,Scooter,0,Electric
2140,300 275CC,Scooter,275,Petrol
2143,69,Scooter,69,Petrol
2143,LION 2000,Scooter,2000,Petrol
2143,SPORTS V92,Scooter,92,Petrol
2146,V 92,Motorcycle,92,Petrol
2154,DJANGO 125,Scooter,125,Petrol
2154,METROPOLIS 400,Scooter,400,Petrol
2156,VESPA ELETTRICA L3,Scooter,0,Electric
2156,VXL150,Scooter,150,Petrol
2162,BROZ 200CC,Motorcycle,200,Petrol
2162,BWS 150,Scooter,150,Petrol
2162,C9 110CC,Scooter,110,Petrol
2162,RIDER 150CC,Motorcycle,150,Petrol
2167,QM 200GY,Motorcycle,200,Petrol
2168,QJ110-9B,Scooter,110,Petrol
2177,DAYTONA 350,Motorcycle,350,Petrol
2177,DD350E-6C,Motorcycle,350,Petrol
2177,PILDER 400,Motorcycle,400,Petrol
2177,RAPTOR 350,Motorcycle,350,Petrol
2177,SPYDER 350,Motorcycle,350,Petrol
2187,LOADER 49,Scooter,49,Petrol
2204,MO 125,Scooter,125,Petrol
2205,E110,Scooter,0,Electric
2208,SK 150-9,Motorcycle,150,Petrol
2208,SK150-10A RAPTOR,Motorcycle,150,Petrol
2208,STAR SK150-10A,Motorcycle,150,Petrol
2216,SE-R 300,Motorcycle,300,Petrol
2217,XY150-10F,Motorcycle,150,Petrol
2242,KROZ 250,Motorcycle,250,Petrol
2256,DS250,Motorcycle,250,Petrol
2256,GSX 250,Motorcycle,250,Petrol
2256,GSX-R 150,Motorcycle,150,Petrol
2256,GSX-R 750,Motorcycle,750,Petrol
2256,GZ150,Motorcycle,150,Petrol
2256,INTRUDER 150,Motorcycle,150,Petrol
2256,LET'S 50,Scooter,50,Petrol
2256,SV 650,Motorcycle,650,Petrol
2256,VECSTAR 150,Scooter,150,Petrol
2256,V-STROM 650 XT,Motorcycle,650,Petrol
2259,JL800DQT,Scooter,800,Petrol
2259,XX1100DT-6,Motorcycle,1100,Petrol
2265,CK200,Motorcycle,200,Petrol
2265,HJ250H,Motorcycle,250,Petrol
2265,SY125T,Scooter,125,Petrol
2265,SY150T,Scooter,150,Petrol
2265,TK110,Motorcycle,110,Petrol
2265,TK150,Motorcycle,150,Petrol
2265,TK150GY,Motorcycle,150,Petrol
2265,TK200,Motorcycle,200,Petrol
2265,TK250-H6,Motorcycle,250,Petrol
2265,TK300,Motorcycle,300,Petrol
2265,TKR500,Motorcycle,500,Petrol
2265,TY125,Scooter,125,Petrol
2265,XB87,Scooter,87,Petrol
2265,YX125 CC,Motorcycle,125,Petrol
2265,YX140-1,Motorcycle,140,Petrol
2265,YX250,Motorcycle,250,Petrol
2265,ZN125T,Motorcycle,125,Petrol
2269,DISCOVER T125,Scooter,125,Petrol
2278,T.H.K.L. 36V,Scooter,0,Electric
2278,T.H.K.L. 60V,Scooter,0,Electric
2288,SPEED TRIPLE 1200,Motorcycle,1200,Petrol
2288,SPEED TRIPLE 1200 RR,Motorcycle,1200,Petrol
2288,SPEED TRIPLE 1200 RS,Motorcycle,1200,Petrol
2288,STREET TRIPLE 675 R,Motorcycle,675,Petrol
2288,TIGER 900,Motorcycle,900,Petrol
2288,TIGER 900 GT,Motorcycle,900,Petrol
2291,XL 100,Motorcycle,100,Petrol
2294,DSR EX 125,Motorcycle,125,Petrol
2294,DSR X 150,Motorcycle,150,Petrol
2294,FASTWIND 150 XR,Motorcycle,150,Petrol
2294,FASTWIND 150XR CROSSOVER,Motorcycle,150,Petrol
2294,FLASH 110 XR,Scooter,110,Petrol
2294,POWERMAX 150,Scooter,150,Petrol
2294,RENEGADE COMMANDO 300,Motorcycle,300,Petrol
2294,RENEGADE SPORT 150,Motorcycle,150,Petrol
2294,XSTREET 150,Motorcycle,150,Petrol
2294,XSTREET 250,Motorcycle,250,Petrol
2314,250RR,Motorcycle,250,Petrol
2314,ACX 500,Motorcycle,500,Petrol
2314,DSX 500,Motorcycle,500,Petrol
2314,R 300,Motorcycle,300,Petrol
2314,RALLY 300,Motorcycle,300,Petrol
2314,RR 300,Motorcycle,300,Petrol
2314,VALICO 525 DSX,Motorcycle,525,Petrol
2322,MATRIX WY150T-3,Scooter,150,Petrol
2346,APRIO 50,Scooter,50,Petrol
2346,BW'S 50,Scooter,50,Petrol
2346,FZ S FI 150,Motorcycle,150,Petrol
2346,FZ1 FAZER 1000,Motorcycle,1000,Petrol
2346,PW50,Motorcycle,50,Petrol
2346,R1,Motorcycle,1000,Petrol
2346,R15,Motorcycle,155,Petrol
2346,R7,Motorcycle,700,Petrol
2346,TENERE 700,Motorcycle,700,Petrol
2346,TTR 110,Motorcycle,110,Petrol
2346,WR250F,Motorcycle,250,Petrol
2346,XA125,Scooter,125,Petrol
2346,XSR 700,Motorcycle,700,Petrol
2346,XTZ690 TENERE,Motorcycle,690,Petrol
2346,XVS1100 DRAGSTAR,Motorcycle,1100,Petrol
2346,XVS950 MIDNIGHT,Motorcycle,950,Petrol
2346,YC 110 SALUTO,Motorcycle,110,Petrol
2346,YZ 125X,Motorcycle,125,Petrol
2346,YZ 250F,Motorcycle,250,Petrol
2346,YZ 250FX,Motorcycle,250,Petrol
2346,YZ 250X,Motorcycle,250,Petrol
2346,YZ 450FX,Motorcycle,450,Petrol
2346,YZ 85,Motorcycle,85,Petrol
2346,YZF 150,Motorcycle,150,Petrol
2374,RX1 125,Motorcycle,125,Petrol
2374,RX3 400,Motorcycle,400,Petrol
2374,ZII 125,Motorcycle,125,Petrol
2375,E 350,Scooter,350,Petrol
2375,ZT 350T,Motorcycle,350,Petrol
2375,ZT250-R,Motorcycle,250,Petrol
2375,ZT310-M,Scooter,310,Petrol
2375,ZT310-R,Motorcycle,310,Petrol
2375,ZT310-V,Motorcycle,310,Petrol
2375,ZT350-X,Motorcycle,350,Petrol
1808,AM T3,Scooter,0,Electric
1808,EAGLE,Scooter,0,Electric
1808,ECOOL LITE 3,Scooter,0,Electric
1808,S3,Motorcycle,0,Electric
1809,AK 125 DYN PRO,Motorcycle,125,Petrol
1809,AK 125SC,Scooter,125,Petrol
1809,AK100,Motorcycle,100,Petrol
1809,AK110,Motorcycle,110,Petrol
1809,AK125,Motorcycle,125,Petrol
1809,AK125 SLR,Motorcycle,125,Petrol
1809,AK125SC-R,Motorcycle,125,Petrol
1809,AK125T-4,Motorcycle,125,Petrol
1809,AK150,Motorcycle,150,Petrol
1809,AK162 CR4,Motorcycle,162,Petrol
1809,AK200,Motorcycle,200,Petrol
1809,AK200TTR,Motorcycle,200,Petrol
1809,AK200TTX,Motorcycle,200,Petrol
1809,AK250,Motorcycle,250,Petrol
1809,AK300DS6,Motorcycle,300,Petrol
1809,AKT125,Motorcycle,125,Petrol
1809,AKT125TTR,Motorcycle,125,Petrol
1809,AKT200RX,Motorcycle,200,Petrol
1809,AY125,Motorcycle,125,Petrol
1809,DYNAMIC 125,Motorcycle,125,Petrol
1809,DYNAMIC R 125,Motorcycle,125,Petrol
1809,FLEX 125,Scooter,125,Petrol
1809,SPECIAL 100,Scooter,100,Petrol
1809,SPECIAL 110,Scooter,110,Petrol
1809,SPECIAL 110 NV,Scooter,110,Petrol
1809,SPECIAL 110 X,Scooter,110,Petrol
1809,TT 125,Motorcycle,125,Petrol
1809,TT DUAL SPORT 200,Motorcycle,200,Petrol
1818,MINICROSS 50,Motorcycle,50,Petrol
1821,SR 150 GT,Scooter,150,Petrol
1821,SR 200 GT,Scooter,200,Petrol
1833,AY 150,Motorcycle,150,Petrol
1833,AY 200,Motorcycle,200,Petrol
1833,AY 250,Motorcycle,250,Petrol
1833,AY 300,Motorcycle,300,Petrol
1838,BOXER 100,Motorcycle,100,Petrol
1838,CT125,Motorcycle,125,Petrol
1838,DISCOVER 125,Motorcycle,125,Petrol
1838,PLATINA 125,Motorcycle,125,Petrol
1838,PULSAR 180,Motorcycle,180,Petrol
1838,PULSAR N 160,Motorcycle,160,Petrol
1838,PULSAR NS 400,Motorcycle,400,Petrol
1838,ROUSER NS 125,Motorcycle,125,Petrol
1842,251S,Motorcycle,251,Petrol
1845,BR 150 SBR,Motorcycle,150,Petrol
1853,C400 GT,Scooter,400,Petrol
1853,CE 04,Scooter,0,Electric
1853,F 800 GS,Motorcycle,800,Petrol
1853,F 900 GS,Motorcycle,900,Petrol
1853,F 900 GS ADVENTURE,Motorcycle,900,Petrol
1853,R 26,Motorcycle,250,Petrol
1853,R NINE T,Motorcycle,1170,Petrol
1853,R NINE T PURE,Motorcycle,1200,Petrol
1853,R NINE T SCRAMBLER,Motorcycle,1170,Petrol
1853,R NINE T URBAN G/S,Motorcycle,1170,Petrol
1868,RYKER RALLY 900,Motorcycle,900,Petrol
1871,250SR,Motorcycle,250,Petrol
1871,450NK,Motorcycle,450,Petrol
1871,800NK,Motorcycle,800,Petrol
1871,CF 250,Scooter,250,Petrol
1871,CF 250 NK,Motorcycle,250,Petrol
1871,CF125NK,Motorcycle,125,Petrol
1871,ZEEHO AE8S+,Scooter,0,Electric
1876,125,Motorcycle,125,Petrol
1905,HYPERMOTARD 698,Motorcycle,698,Petrol
1905,HYPERMOTARD 950,Motorcycle,950,Petrol
1905,HYPERMOTARD 950 SP,Motorcycle,950,Petrol
1905,HYPERSTRADA 939,Motorcycle,939,Petrol
1905,MONSTER SP,Motorcycle,937,Petrol
1905,SCRAMBLER 1100 TRIBUTE PRO,Motorcycle,1100,Petrol
1905,SCRAMBLER DARK,Motorcycle,800,Petrol
1905,SCRAMBLER DESERT SLED,Motorcycle,800,Petrol
1905,SCRAMBLER FULL THROTTLE,Motorcycle,800,Petrol
1905,SCRAMBLER NIGHTSHIFT,Motorcycle,800,Petrol
1905,SCRAMBLER URBAN MOTARD,Motorcycle,800,Petrol
1905,STREETFIGHTER V4,Motorcycle,1103,Petrol
1912,TIGER 100,Scooter,0,Electric
1916,SUPER SPORT,Scooter,0,Electric
1952,SM 700,Motorcycle,700,Petrol
1962,S2 PLUS,Scooter,0,Electric
1962,VIVA,Scooter,0,Electric
1975,FAT BOB 1868,Motorcycle,1868,Petrol
1975,FXBRS SOFTAIL BREAKOUT 114 1868,Motorcycle,1868,Petrol
1975,FXLRS LOW RIDER S 1923,Motorcycle,1923,Petrol
1975,PAN AMERICA 1250 SPECIAL,Motorcycle,1250,Petrol
1980,HUNK 125,Motorcycle,125,Petrol
1980,HUNTER,Motorcycle,125,Petrol
1980,KARIZMA XMR,Motorcycle,210,Petrol
1980,MAVRICK,Motorcycle,440,Petrol
1980,PASSION PRO,Motorcycle,110,Petrol
1980,SPLENDOR XPRO,Motorcycle,110,Petrol
1980,THRILLER,Motorcycle,160,Petrol
1980,THRILLER 200,Motorcycle,200,Petrol
1980,XPULSE 200 FI,Motorcycle,200,Petrol
1980,XTREME 125,Motorcycle,125,Petrol
1983,C 100,Scooter,100,Petrol
1983,CB 190X,Motorcycle,190,Petrol
1983,CB 350R,Motorcycle,350,Petrol
1983,CB100,Motorcycle,100,Petrol
1983,CB110,Motorcycle,110,Petrol
1983,CB650F,Motorcycle,650,Petrol
1983,CMX 500,Motorcycle,500,Petrol
1983,CRF 450 XR,Motorcycle,450,Petrol
1983,DELUXE 100,Motorcycle,100,Petrol
1983,FMX 650,Motorcycle,650,Petrol
1983,HORNET 160,Motorcycle,160,Petrol
1983,XR 650,Motorcycle,650,Petrol
1995,701 SUPERMOTO,Motorcycle,701,Petrol
2001,IOZ,Motorcycle,0,Electric
2038,KLX140,Motorcycle,140,Petrol
2038,KLX150,Motorcycle,150,Petrol
2038,ZZR600,Motorcycle,600,Petrol
2042,CS110,Scooter,110,Petrol
2042,K-LIGHT 125,Motorcycle,125,Petrol
2042,OWEN150,Motorcycle,150,Petrol
2042,RK 125,Motorcycle,125,Petrol
2042,RKF 125,Motorcycle,125,Petrol
2042,RKS 125,Motorcycle,125,Petrol
2042,RKS100,Motorcycle,100,Petrol
2055,1290 SUPER DUKE R,Motorcycle,1290,Petrol
2055,690 SMC R,Motorcycle,690,Petrol
2055,890 DUKE GP,Motorcycle,890,Petrol
2059,ADVANCE R 125,Scooter,125,Petrol
2059,AGILITY CITY 150,Scooter,150,Petrol
2059,AGILITY GO 125,Scooter,125,Petrol
2059,SUPER 8 50,Scooter,50,Petrol
2059,TWIST125,Scooter,125,Petrol
2059,UNI-K 110,Scooter,110,Petrol
2059,URBAN 125,Scooter,125,Petrol
2083,NS125,Motorcycle,125,Petrol
2083,RA125,Motorcycle,125,Petrol
2104,FS110,Scooter,110,Petrol
2104,FS125,Scooter,125,Petrol
2104,LIGERA 125,Scooter,125,Petrol
2104,SFR125,Scooter,125,Petrol
2104,SFS125,Scooter,125,Petrol
2104,XE125,Motorcycle,125,Petrol
2129,NT250,Motorcycle,250,Petrol
2129,NT350ZH,Motorcycle,350,Petrol
2137,GT SPORT L1,Scooter,0,Electric
2137,M-SERIES L1,Scooter,0,Electric
2137,N-SERIES L3,Scooter,0,Electric
2139,A500,Scooter,500,Petrol
2156,APRILIA RS 457,Scooter,457,Petrol
2156,BEVERLY 400,Scooter,400,Petrol
2156,ONE L1,Scooter,0,Electric
2156,VESPA GTV 300,Scooter,300,Petrol
2157,XF125R,Motorcycle,125,Petrol
2159,JUNIOR 110,Scooter,110,Petrol
2196,FREERIDE 125,Motorcycle,125,Petrol
2205,E110S,Scooter,0,Electric
2208,SK 125,Motorcycle,125,Petrol
2219,SE150,Motorcycle,150,Petrol
2219,SG 100T,Motorcycle,100,Petrol
2219,SG 110,Motorcycle,110,Petrol
2219,SG 125,Motorcycle,125,Petrol
2220,CB1000RAP,Motorcycle,1000,Petrol
2238,AVANTI,Scooter,0,Electric
2238,AVANTI 2.0,Scooter,0,Electric
2238,AVANTI 3.0,Scooter,0,Electric
2238,AVANTI S,Scooter,0,Electric
2238,AVANTI X,Scooter,0,Electric
2238,E3,Scooter,0,Electric
2238,REACTOR,Scooter,0,Electric
2238,SKUTY,Scooter,0,Electric
2238,SKUTY ONE,Scooter,0,Electric
2238,TC MAX,Motorcycle,0,Electric
2238,THUNDER 1500,Motorcycle,0,Electric
2238,TROTTER,Scooter,0,Electric
2238,TS1200R,Motorcycle,0,Electric
2256,ACCESS125,Scooter,125,Petrol
2256,ADDRESS 110,Scooter,110,Petrol
2256,AVENIS 125,Scooter,125,Petrol
2256,BEST 125,Scooter,125,Petrol
2256,BEST 125 FI,Scooter,125,Petrol
2256,DR 150,Motorcycle,150,Petrol
2256,DRZ125,Motorcycle,125,Petrol
2256,FX110,Scooter,110,Petrol
2256,GIXXER,Motorcycle,155,Petrol
2256,GIXXER SF,Motorcycle,155,Petrol
2256,GSX 150F,Motorcycle,150,Petrol
2256,LET'S 110,Scooter,110,Petrol
2256,SV 650 GLADIUS,Motorcycle,650,Petrol
2256,UR110,Scooter,110,Petrol
2256,VIVA 115,Scooter,115,Petrol
2256,VIVA R 115,Scooter,115,Petrol
2256,VL800 INTRUDER,Motorcycle,800,Petrol
2256,V-STROM 1050,Motorcycle,1050,Petrol
2256,VSTROM 250,Motorcycle,250,Petrol
2256,V-STROM 800,Motorcycle,800,Petrol
2259,CROX R 150,Scooter,150,Petrol
2259,LNA70,Scooter,70,Petrol
2263,RAY,Scooter,0,Electric
2263,SUERTE PLUS,Scooter,0,Electric
2266,STING,Motorcycle,0,Electric
2266,TL2500,Motorcycle,0,Electric
2288,BOBBER,Motorcycle,1200,Petrol
2288,SCRAMBLER 900,Motorcycle,900,Petrol
2288,SPEED TWN 1200,Motorcycle,1200,Petrol
2288,STREET SCRAMBLER,Motorcycle,900,Petrol
2288,STREET TRIPLE 675 RS,Motorcycle,675,Petrol
2288,STREET TRIPLE RS,Motorcycle,765,Petrol
2288,TIGER 850,Motorcycle,850,Petrol
2288,TIGER 850 SPORT,Motorcycle,850,Petrol
2288,TIGER SPORT 1050,Motorcycle,1050,Petrol
2288,TRIDENT,Motorcycle,660,Petrol
2288,TRIUMPH 1200,Motorcycle,1200,Petrol
2288,TRIUMPH 660,Motorcycle,660,Petrol
2288,TRIUMPH 850,Motorcycle,850,Petrol
2288,TRIUMPH 900,Motorcycle,900,Petrol
2291,APACHE RTR 180,Motorcycle,180,Petrol
2291,STRYKER,Motorcycle,125,Petrol
2298,VMX10S,Motorcycle,0,Electric
2305,ADVANCE R,Scooter,125,Petrol
2305,ADVANCE R 110,Scooter,110,Petrol
2305,ADVANCE X1,Scooter,150,Petrol
2305,BLACK,Scooter,125,Petrol
2305,BOLD 125,Motorcycle,125,Petrol
2305,BOMBER 125,Motorcycle,125,Petrol
2305,BOMBER 150,Motorcycle,150,Petrol
2305,BOMBER 250,Motorcycle,250,Petrol
2305,COMBAT 125,Motorcycle,125,Petrol
2305,FLOW125,Scooter,125,Petrol
2305,HUNTER 150,Scooter,150,Petrol
2305,LIFE 125,Scooter,125,Petrol
2305,LIFE PACK 125,Motorcycle,125,Petrol
2305,MACH 110,Scooter,110,Petrol
2305,MRX 125,Motorcycle,125,Petrol
2305,MRX 125 PRO,Motorcycle,125,Petrol
2305,MRX 150,Motorcycle,150,Petrol
2305,MRX 150 PRO,Motorcycle,150,Petrol
2305,MRX 200,Motorcycle,200,Petrol
2305,MRX 200 ARIZONA,Motorcycle,200,Petrol
2305,NITRO 125,Motorcycle,125,Petrol
2305,NITRO 151 R,Motorcycle,151,Petrol
2305,ONE,Motorcycle,125,Petrol
2305,ONE ST 100,Motorcycle,100,Petrol
2305,ONE ST 110,Motorcycle,110,Petrol
2305,SHOCK 110,Motorcycle,110,Petrol
2305,SHOCK 115,Scooter,115,Petrol
2305,SWITCH 150,Motorcycle,150,Petrol
2305,VENOM 250,Motorcycle,250,Petrol
2305,VENOM 250S PRO,Motorcycle,250,Petrol
2305,VENOM 400,Motorcycle,400,Petrol
2305,ZONTES 155 U,Motorcycle,155,Petrol
2305,ZONTES 310 M,Scooter,310,Petrol
2305,ZONTES 350 GK,Motorcycle,350,Petrol
2305,ZONTES 350 T1,Motorcycle,350,Petrol
2305,ZONTES 350 T2,Motorcycle,350,Petrol
2305,ZONTES 350 X1,Motorcycle,350,Petrol
2305,ZS 125,Motorcycle,125,Petrol
2306,VENOM 250S,Motorcycle,250,Petrol
2313,CU MINI,Scooter,0,Electric
2314,TROFEO 300AC,Motorcycle,300,Petrol
2314,VALICO RALLY 300,Motorcycle,300,Petrol
2327,LF 125,Motorcycle,125,Petrol
2327,PANTERA 150,Motorcycle,150,Petrol
2327,X-CUB,Motorcycle,125,Petrol
2346,AEROX 155,Scooter,155,Petrol
2346,BW'S 125,Scooter,125,Petrol
2346,CRUX 110,Motorcycle,110,Petrol
2346,CRYPTON,Scooter,110,Petrol
2346,LIBERO 125,Scooter,125,Petrol
2346,MT 15,Motorcycle,155,Petrol
2346,MT-09 SP,Motorcycle,900,Petrol
2346,MT-10,Motorcycle,1000,Petrol
2346,SZ 160,Motorcycle,160,Petrol
2346,T-MAX 560,Scooter,560,Petrol
2346,TT-R50,Motorcycle,50,Petrol
2346,YB125,Motorcycle,125,Petrol
2346,YC110,Motorcycle,110,Petrol
2346,YD 125 YTX,Motorcycle,125,Petrol
2346,YZ 125,Motorcycle,125,Petrol
2346,ZUMA,Scooter,125,Petrol
2355,RS250/6V,Motorcycle,250,Petrol
2365,SR,Motorcycle,0,Electric
2375,350 R1,Motorcycle,350,Petrol
1809,AK 150 CS3,Motorcycle,150,Petrol
1809,AK 150 POWER,Motorcycle,150,Petrol
1809,AK 200 NKD,Motorcycle,200,Petrol
1809,AK 200 TTF,Motorcycle,200,Petrol
1809,AK 250 TTF,Motorcycle,250,Petrol
1809,AK200 R4,Motorcycle,200,Petrol
1809,AK250 TT,Motorcycle,250,Petrol
1809,AKT200TT,Motorcycle,200,Petrol
1828,PUMA 1000,Scooter,1000,Petrol
1842,RKG150,Motorcycle,150,Petrol
1848,B200R,Motorcycle,200,Petrol
1853,M 1000 R,Motorcycle,1000,Petrol
1853,M 1000 RR,Motorcycle,1000,Petrol
1897,KNAIGHIS,Motorcycle,0,Electric
1918,ELIO 800,Motorcycle,0,Electric
1918,LIFE,Scooter,0,Electric
1924,GXT200,Motorcycle,200,Petrol
1924,KDF 250,Motorcycle,250,Petrol
1924,SPECTRO KD250,Motorcycle,250,Petrol
1924,XT200 E,Motorcycle,200,Petrol
1924,ZT250,Motorcycle,250,Petrol
1936,4 T 200,Motorcycle,200,Petrol
1936,BS110,Scooter,110,Petrol
1936,BS110-12,Scooter,110,Petrol
1936,CITY 125,Scooter,125,Petrol
1936,CYCLONE250,Motorcycle,250,Petrol
1936,FABIO200,Motorcycle,200,Petrol
1936,GO 150,Motorcycle,150,Petrol
1936,JN 150 T 8 G,Scooter,150,Petrol
1936,KPT200,Motorcycle,200,Petrol
1936,LX 250,Motorcycle,250,Petrol
1936,MAGNUM200,Motorcycle,200,Petrol
1936,NANO200,Motorcycle,200,Petrol
1936,NANO230,Motorcycle,230,Petrol
1936,NANO250,Motorcycle,250,Petrol
1936,NANOR 250,Motorcycle,250,Petrol
1936,REBEL 250,Motorcycle,250,Petrol
1936,SPORT200,Motorcycle,200,Petrol
1936,X2 200,Motorcycle,200,Petrol
1936,XRF200,Motorcycle,200,Petrol
1936,XRF250,Motorcycle,250,Petrol
1941,E-WING,Scooter,0,Electric
1941,FIRE 200,Motorcycle,200,Petrol
1941,FIRE150,Motorcycle,150,Petrol
1941,FIREHAWK150,Scooter,150,Petrol
1941,HERCULES 150,Motorcycle,150,Petrol
1941,MAGIC 150,Scooter,150,Petrol
1941,RIDER EVO 200,Motorcycle,200,Petrol
1941,THUNDER200,Motorcycle,200,Petrol
1941,WING150,Scooter,150,Petrol
1941,ZS 150,Motorcycle,150,Petrol
1941,ZS200,Motorcycle,200,Petrol
1941,ZS-200-7,Motorcycle,200,Petrol
1941,ZS250,Motorcycle,250,Petrol
1941,ZS250GY-7,Motorcycle,250,Petrol
1973,DL160,Motorcycle,160,Petrol
1973,DM125,Motorcycle,125,Petrol
1973,HJ125,Motorcycle,125,Petrol
1973,HJ125-7,Motorcycle,125,Petrol
1975,JDL 1200,Motorcycle,1200,Petrol
1975,TRI GLIDE 1868,Motorcycle,1868,Petrol
1983,ACTIVA,Scooter,110,Petrol
1983,CB 350,Motorcycle,350,Petrol
1983,CB300,Motorcycle,300,Petrol
1983,CB500 HORNET,Motorcycle,500,Petrol
1983,CBR500R,Motorcycle,500,Petrol
1983,CGL125,Motorcycle,125,Petrol
1983,CRF250L,Motorcycle,250,Petrol
1983,CRF450RL,Motorcycle,450,Petrol
1983,CRF450X,Motorcycle,450,Petrol
1983,GL150,Motorcycle,150,Petrol
1983,NX500,Motorcycle,500,Petrol
1983,SC125 ELITE,Scooter,125,Petrol
1995,FC 450 ROCKSTAR EDITION,Motorcycle,450,Petrol
1995,FE 250,Motorcycle,250,Petrol
1995,TE 250,Motorcycle,250,Petrol
2034,BWS150,Scooter,150,Petrol
2034,CG150,Motorcycle,150,Petrol
2034,CG200,Motorcycle,200,Petrol
2034,CR5 250,Motorcycle,250,Petrol
2034,CR6 300,Motorcycle,300,Petrol
2034,CRM150,Motorcycle,150,Petrol
2034,GN200K,Motorcycle,200,Petrol
2034,LITE150,Scooter,150,Petrol
2034,SM2 250,Motorcycle,250,Petrol
2034,SMX150,Motorcycle,150,Petrol
2034,SMX200,Motorcycle,200,Petrol
2038,ELIMINATOR 450,Motorcycle,450,Petrol
2038,KXL300,Motorcycle,300,Petrol
2038,NINJA 1000SX,Motorcycle,1000,Petrol
2038,Z900SE,Motorcycle,900,Petrol
2039,TT 190,Motorcycle,190,Petrol
2039,TT-125,Motorcycle,125,Petrol
2042,RK 150 E,Motorcycle,150,Petrol
2055,250 EXC-F SIX DAYS,Motorcycle,250,Petrol
2055,350 EXC-F SIX DAYS,Motorcycle,350,Petrol
2055,450 EXC-F SIX DAYS,Motorcycle,450,Petrol
2055,890 DUKE R,Motorcycle,890,Petrol
2074,CR4 LX250-15,Motorcycle,250,Petrol
2074,CRM II 150,Motorcycle,150,Petrol
2074,CRM LX150,Motorcycle,150,Petrol
2074,LX200,Motorcycle,200,Petrol
2074,RALLY 300,Motorcycle,300,Petrol
2074,SM2,Motorcycle,150,Petrol
2074,SX2,Motorcycle,200,Petrol
2121,TR200,Motorcycle,200,Petrol
2156,LIBERTY 125,Scooter,125,Petrol
2156,VESPA GTS 300,Scooter,300,Petrol
2172,CHOSEN NK 250,Motorcycle,250,Petrol
2172,RACER 300,Motorcycle,300,Petrol
2180,AVENTURA 500,Motorcycle,500,Petrol
2186,250,Motorcycle,250,Petrol
2186,AVATAR 200,Motorcycle,200,Petrol
2186,GN200,Motorcycle,200,Petrol
2186,ZG200,Motorcycle,200,Petrol
2210,ASPID125,Motorcycle,125,Petrol
2210,ASPID200,Motorcycle,200,Petrol
2210,CROSS150,Motorcycle,150,Petrol
2210,EAGLE 125,Motorcycle,125,Petrol
2210,HURRICANE 250,Motorcycle,250,Petrol
2210,NAGA R 200,Motorcycle,200,Petrol
2210,NOVA 110,Scooter,110,Petrol
2210,PYTHON 300,Motorcycle,300,Petrol
2210,PYTHON250,Motorcycle,250,Petrol
2210,RS2 125,Scooter,125,Petrol
2210,RS2 150,Scooter,150,Petrol
2210,RS3 150,Scooter,150,Petrol
2210,RS6 150,Scooter,150,Petrol
2210,SPIRIT250,Motorcycle,250,Petrol
2210,TAYPAN,Motorcycle,200,Petrol
2210,TAYPAN R 200,Motorcycle,200,Petrol
2210,TAYPAN200,Motorcycle,200,Petrol
2210,TRAXX,Motorcycle,200,Petrol
2210,TRAXX 200,Motorcycle,200,Petrol
2210,TRAXX 250 S,Motorcycle,250,Petrol
2210,VENOM 500,Motorcycle,500,Petrol
2210,VIPER250,Motorcycle,250,Petrol
2210,YARA 200,Motorcycle,200,Petrol
2210,YARA R 200,Motorcycle,200,Petrol
2210,YARA R 250,Motorcycle,250,Petrol
2256,AX4 115,Motorcycle,115,Petrol
2256,GSX-800S,Motorcycle,800,Petrol
2256,GSX-R 600,Motorcycle,600,Petrol
2258,SUPERDUAL SD 650 X,Motorcycle,650,Petrol
2259,NH 150,Motorcycle,150,Petrol
2259,NH-X 125,Motorcycle,125,Petrol
2281,TS1,Motorcycle,0,Electric
2288,STREET TRIPLE 765,Motorcycle,765,Petrol
2295,ELECTRIC SCOOTER,Scooter,0,Electric
2296,UNKNOWN ELECTRIC VEHICLE,Scooter,0,Electric
2302,ALPINA 300,Motorcycle,300,Petrol
2302,CROSSMAX 150,Motorcycle,150,Petrol
2302,CROSSMAX 200,Motorcycle,200,Petrol
2302,CROSSMAX 250,Motorcycle,250,Petrol
2302,CRUISER 200,Motorcycle,200,Petrol
2302,ECLIPSE 200,Motorcycle,200,Petrol
2302,LITHIUM 150,Motorcycle,150,Petrol
2302,SCREAMER 250,Motorcycle,250,Petrol
2302,SPIRIT 150 ZX,Scooter,150,Petrol
2302,TERRA 150 S,Scooter,150,Petrol
2302,THRILLER 200,Motorcycle,200,Petrol
2302,XPRESS 200,Motorcycle,200,Petrol
2313,TSX,Motorcycle,0,Electric
2332,FY,Scooter,0,Electric
2332,MD,Scooter,0,Electric
2332,NEW,Scooter,0,Electric
2338,Z6,Motorcycle,0,Electric
2344,DE3,Scooter,0,Electric
2344,EB118,Scooter,0,Electric
2344,FLY 3000,Scooter,0,Electric
2344,YADEA,Scooter,0,Electric
2346,WR450,Motorcycle,450,Petrol
2346,XC115,Scooter,115,Petrol
2346,YZ 450 F,Motorcycle,450,Petrol
2365,FX ZF 7.2,Motorcycle,0,Electric
2365,FXE,Motorcycle,0,Electric
2365,FXE ZF7.2,Motorcycle,0,Electric
1800,450 EXC-F,Motorcycle,450,Petrol
1800,C110,Scooter,110,Petrol
1801,PRINCESA 175CC,Scooter,175,Petrol
1804,X1,Scooter,0,Electric
1804,X5,Scooter,0,Electric
1804,XT12,Scooter,0,Electric
1804,XT2,Scooter,0,Electric
1828,AGUILA1000,Scooter,1000,Petrol
1828,AVA110,Scooter,110,Petrol
1828,AVISPON 1000,Scooter,1000,Petrol
1838,PLATINA 100,Motorcycle,100,Petrol
1841,TDT015Z,Scooter,0,Electric
1841,TDT018Z,Scooter,0,Electric
1841,TDT05Z,Scooter,0,Electric
1842,ZAFFERANO 250,Scooter,250,Petrol
1843,DL600,Scooter,600,Petrol
1843,TL500DQT,Scooter,500,Petrol
1843,TL550DQT,Scooter,550,Petrol
1847,RR200,Motorcycle,200,Petrol
1847,RR250,Motorcycle,250,Petrol
1849,BLACK PANTHER 110,Motorcycle,110,Petrol
1849,BLACK PANTHER CG150,Motorcycle,150,Petrol
1849,BLACK PANTHER CG200,Motorcycle,200,Petrol
1849,CG150 SR,Motorcycle,150,Petrol
1849,CG200 MN,Motorcycle,200,Petrol
1849,CG200 SR,Motorcycle,200,Petrol
1849,CG200R DDMD,Motorcycle,200,Petrol
1850,105,Scooter,105,Petrol
1857,BR-105,Scooter,105,Petrol
1857,BR-110,Scooter,110,Petrol
1871,250CL-X,Motorcycle,250,Petrol
1895,CG125,Motorcycle,125,Petrol
1895,DY 125,Scooter,125,Petrol
1895,DY110,Scooter,110,Petrol
1895,N-MAX 200,Motorcycle,200,Petrol
1901,LEED 150,Scooter,150,Petrol
1902,DM105,Scooter,105,Petrol
1902,HT125-36,Motorcycle,125,Petrol
1902,HT125-42,Motorcycle,125,Petrol
1902,HTA125T-3,Scooter,125,Petrol
1910,UNKNOWN ELECTRIC SCOOTER,Scooter,0,Electric
1911,EF100T-A,Scooter,100,Petrol
1945,R150,Scooter,150,Petrol
1948,BULLET 150,Scooter,150,Petrol
1948,C100 SUPER CUB,Scooter,100,Petrol
1948,C90,Scooter,90,Petrol
1948,GCL150,Motorcycle,150,Petrol
1948,GCLS150,Motorcycle,150,Petrol
1948,GCX 110,Scooter,110,Petrol
1948,JOG 100,Scooter,100,Petrol
1948,JOG III 100,Scooter,100,Petrol
1948,LF110,Scooter,110,Petrol
1948,MIO 150,Scooter,150,Petrol
1948,N-MAX 110,Motorcycle,110,Petrol
1948,NOTE 150,Motorcycle,150,Petrol
1948,PRO-X250,Motorcycle,250,Petrol
1948,RTZ 125,Motorcycle,125,Petrol
1948,SCRAMBLER 250,Motorcycle,250,Petrol
1948,SIRIUS 105,Scooter,105,Petrol
1948,SIRIUS 110,Scooter,110,Petrol
1948,TAKKEN 250,Motorcycle,250,Petrol
1948,TEKKEN 250,Motorcycle,250,Petrol
1953,150 GY,Motorcycle,150,Petrol
1953,FLEX-110,Motorcycle,110,Petrol
1953,GATO 150,Motorcycle,150,Petrol
1953,GATO105,Scooter,105,Petrol
1953,GY200,Motorcycle,200,Petrol
1953,GY250,Motorcycle,250,Petrol
1953,RS150,Motorcycle,150,Petrol
1953,SUPER CUB 90,Scooter,90,Petrol
1953,SUPER FLEX 110,Motorcycle,110,Petrol
1971,MIRAE ION,Scooter,0,Electric
1972,HJ150,Motorcycle,150,Petrol
1972,HJ200,Motorcycle,200,Petrol
1973,NK150,Motorcycle,150,Petrol
1973,VN100,Scooter,100,Petrol
1973,XPRESS 125,Motorcycle,125,Petrol
1980,HF DAWN 100,Motorcycle,100,Petrol
1980,PLEASURE 110,Motorcycle,110,Petrol
1983,CROSS CUB110,Scooter,110,Petrol
1983,LEAD 100,Scooter,100,Petrol
1983,LEAD 125,Scooter,125,Petrol
1983,WAVE 100,Scooter,100,Petrol
1983,XR125L,Motorcycle,125,Petrol
1986,PONY 105,Motorcycle,105,Petrol
2002,CRYPTUN 110,Scooter,110,Petrol
2023,JC100-7,Motorcycle,100,Petrol
2028,K-M 100,Scooter,100,Petrol
2028,K-R 150,Scooter,150,Petrol
2028,KR125,Scooter,125,Petrol
2028,K-S 125,Scooter,125,Petrol
2028,K-S 150,Scooter,150,Petrol
2028,KTF250,Motorcycle,250,Petrol
2034,KATANA110,Scooter,110,Petrol
2042,GMC200,Scooter,200,Petrol
2042,VIESTE 200,Scooter,200,Petrol
2055,1050 ADVENTURE,Motorcycle,1050,Petrol
2055,250 EXC SIX DAYS,Motorcycle,250,Petrol
2055,300 EXC TPI ERZBERGRODEO,Motorcycle,300,Petrol
2058,FS 150,Scooter,150,Petrol
2058,HURACAN 110,Scooter,110,Petrol
2058,ITALY 150,Scooter,150,Petrol
2059,ROCKET150,Scooter,150,Petrol
2059,VISAR 110,Scooter,110,Petrol
2074,BWS175,Motorcycle,175,Petrol
2074,CL200,Motorcycle,200,Petrol
2074,CR5PRO,Motorcycle,250,Petrol
2074,CRX150,Motorcycle,150,Petrol
2074,LX110,Scooter,110,Petrol
2074,NATIVA 125,Scooter,125,Petrol
2074,PRUSS 200,Motorcycle,200,Petrol
2074,RUNNER125,Motorcycle,125,Petrol
2074,ZX150,Scooter,150,Petrol
2091,COBRA 105,Motorcycle,105,Petrol
2091,COBRA 200,Motorcycle,200,Petrol
2091,MCE250,Motorcycle,250,Petrol
2091,MCF250,Motorcycle,250,Petrol
2091,MCF300,Motorcycle,300,Petrol
2091,MCR250,Motorcycle,250,Petrol
2091,MCR450,Motorcycle,450,Petrol
2091,TR250,Motorcycle,250,Petrol
2108,LEAD150,Motorcycle,150,Petrol
2115,ABEJA LITIO,Scooter,0,Electric
2115,CITY MANTRA,Scooter,0,Electric
2115,CITY SLICKER,Scooter,0,Electric
2115,PACHA LITIO,Scooter,0,Electric
2115,PANA LEAD ACID,Scooter,0,Electric
2135,ALMA150,Scooter,150,Petrol
2135,AX100,Motorcycle,100,Petrol
2135,BRIO 125,Scooter,125,Petrol
2135,BRIO110,Scooter,110,Petrol
2135,BS150,Scooter,150,Petrol
2135,BWS 150,Scooter,150,Petrol
2135,CG150,Motorcycle,150,Petrol
2135,CG200,Motorcycle,200,Petrol
2135,DIVA 125,Scooter,125,Petrol
2135,DIVA 150,Scooter,150,Petrol
2135,EVOLUTION 110,Scooter,0,Electric
2135,JOC I 150,Scooter,150,Petrol
2135,MAGNETO 125,Motorcycle,125,Petrol
2135,MIRO 110,Scooter,110,Petrol
2135,MIRO 130,Scooter,130,Petrol
2135,NC 125 SPACE,Scooter,125,Petrol
2135,NC110,Scooter,110,Petrol
2135,NC90,Scooter,90,Petrol
2135,ORIZON 200,Motorcycle,200,Petrol
2135,TN 250,Motorcycle,250,Petrol
2137,MQI GT PRO SPORT,Scooter,0,Electric
2155,T-REX 150,Scooter,150,Petrol
2155,T-REX MAX 150,Scooter,150,Petrol
2155,X-HOT 125,Scooter,125,Petrol
2155,X-HOT 150,Scooter,150,Petrol
2156,PRIMAVERA 50,Scooter,50,Petrol
2156,SPRINT 50,Scooter,50,Petrol
2156,VXL125,Scooter,125,Petrol
2185,SUPER SPORT,Scooter,0,Electric
2185,VX150,Scooter,150,Petrol
2199,SY110-22H,Scooter,110,Petrol
2199,SY110-42,Scooter,110,Petrol
2201,B-MAX125,Scooter,125,Petrol
2217,XY200GY-6,Motorcycle,200,Petrol
2229,METACYCLE ELECTRIC,Motorcycle,0,Electric
2234,SPR 110,Scooter,110,Petrol
2249,HL110,Scooter,110,Petrol
2249,LJ110-29,Scooter,110,Petrol
2249,LJ150T-28,Scooter,150,Petrol
2249,LJ150T-AL,Scooter,150,Petrol
2249,LJ150T-CL,Scooter,150,Petrol
2249,LJSP110,Motorcycle,110,Petrol
2249,SUPERBESTIA GY250,Motorcycle,250,Petrol
2249,XG200ZK S4,Scooter,200,Petrol
2251,AN 150,Scooter,150,Petrol
2251,AS 150,Scooter,150,Petrol
2251,BROSS 200,Motorcycle,200,Petrol
2251,CG 125,Motorcycle,125,Petrol
2251,CG 150,Motorcycle,150,Petrol
2251,CG 200,Motorcycle,200,Petrol
2251,CG 250,Motorcycle,250,Petrol
2251,CG300,Motorcycle,300,Petrol
2251,CRYPTON 110,Scooter,110,Petrol
2251,FS150,Scooter,150,Petrol
2251,GATO 105,Motorcycle,105,Petrol
2251,GATO 105 R,Motorcycle,105,Petrol
2251,GATO 125 SPORT,Scooter,125,Petrol
2251,GATO125,Scooter,125,Petrol
2251,GY 200,Motorcycle,200,Petrol
2251,GY 250,Motorcycle,250,Petrol
2251,GY150,Motorcycle,150,Petrol
2251,LEAD 150,Scooter,150,Petrol
2251,LIGIER 200,Motorcycle,200,Petrol
2251,PANTERA 150,Motorcycle,150,Petrol
2251,RS 150,Motorcycle,150,Petrol
2251,SUPER CUB 110,Motorcycle,110,Petrol
2251,V 150,Scooter,150,Petrol
2254,100-C,Motorcycle,100,Petrol
2254,110-11,Motorcycle,110,Petrol
2254,150,Motorcycle,150,Petrol
2254,200 RACING,Motorcycle,200,Petrol
2254,250RD,Motorcycle,250,Petrol
2254,ADRI 150,Scooter,150,Petrol
2254,ADRI SPORT 150,Scooter,150,Petrol
2254,CRF 250,Motorcycle,250,Petrol
2254,GST125T,Motorcycle,125,Petrol
2254,GST150,Motorcycle,150,Petrol
2254,LJ250ZH,Motorcycle,250,Petrol
2254,ST110,Motorcycle,110,Petrol
2254,ST125,Motorcycle,125,Petrol
2254,ST150,Motorcycle,150,Petrol
2254,ST200GY,Motorcycle,200,Petrol
2254,ST250GY,Motorcycle,250,Petrol
2254,STRD 250,Motorcycle,250,Petrol
2254,SUPERCUB 110,Scooter,110,Petrol
2254,SY110,Scooter,110,Petrol
2254,TUCAN 125,Scooter,125,Petrol
2254,TUCAN LA BELLA 250,Motorcycle,250,Petrol
2254,TUCAN110,Motorcycle,110,Petrol
2254,TUCAN150,Motorcycle,150,Petrol
2254,TUCAN200,Motorcycle,200,Petrol
2254,ZXT 200,Motorcycle,200,Petrol
2255,LIGHT BEE,Motorcycle,0,Electric
2255,STORM BEE,Motorcycle,0,Electric
2256,DR-Z 400 SM,Motorcycle,400,Petrol
2259,JET 14 125,Scooter,125,Petrol
2259,MAGIC 110,Scooter,110,Petrol
2259,NH-T 125,Motorcycle,125,Petrol
2259,ORBIT 125,Scooter,125,Petrol
2259,ORBIT 150,Scooter,150,Petrol
2259,ORBIT 50,Scooter,50,Petrol
2259,SYM GR-150,Scooter,150,Petrol
2261,TDT058Z,Scooter,58,Petrol
2271,BWS III 150,Scooter,150,Petrol
2271,BZ 150,Scooter,150,Petrol
2271,CAPPUCINO 150,Scooter,150,Petrol
2271,CAPUCCINO 150,Scooter,150,Petrol
2271,CG 200 RACING,Motorcycle,200,Petrol
2271,CG200-R,Motorcycle,200,Petrol
2271,CG250 RACING,Motorcycle,250,Petrol
2271,CLASSIC 180,Scooter,180,Petrol
2271,CRX250,Motorcycle,250,Petrol
2271,CRX250 GT,Motorcycle,250,Petrol
2271,CRX250 SM,Motorcycle,250,Petrol
2271,ELITE 110,Scooter,110,Petrol
2271,EVOLUTION 150,Scooter,150,Petrol
2271,FENIX 105,Scooter,105,Petrol
2271,FENIX 105R,Scooter,105,Petrol
2271,FENIX 110,Scooter,110,Petrol
2271,FIERO 110,Scooter,110,Petrol
2271,FLOW SP250,Motorcycle,250,Petrol
2271,FUSSION 150,Scooter,150,Petrol
2271,KTX250 GT,Motorcycle,250,Petrol
2271,KTX250 SM,Motorcycle,250,Petrol
2271,LEAD125,Scooter,125,Petrol
2271,MC200-P,Motorcycle,200,Petrol
2271,R3 125,Motorcycle,125,Petrol
2271,TAURO DIO 110,Scooter,110,Petrol
2271,TRIAL 200,Motorcycle,200,Petrol
2271,TRIAL 250,Motorcycle,250,Petrol
2271,XZ250 GT,Motorcycle,250,Petrol
2276,BARCELONA 650,Motorcycle,650,Petrol
2276,LEON 650,Motorcycle,650,Petrol
2276,SCRAMBLER 500F,Motorcycle,500,Petrol
2276,TEKKEN 500ADV,Motorcycle,500,Petrol
2276,TEKKEN 500T,Motorcycle,500,Petrol
2276,TEKKEN 500T K,Motorcycle,500,Petrol
2276,TEKKEN 500T SIN,Motorcycle,500,Petrol
2277,TOLEDO 400,Motorcycle,400,Petrol
2291,STRYKER DI,Motorcycle,125,Petrol
2291,WEGO,Scooter,110,Petrol
2294,DSR X 200,Motorcycle,200,Petrol
2294,E-CHILL LEAD,Scooter,0,Electric
2294,E-CHILL LITHIUM,Scooter,0,Electric
2294,FLASH 135 LX,Scooter,135,Petrol
2294,XSPEED 150,Scooter,150,Petrol
2308,VIRGO90,Scooter,90,Petrol
2309,VG250,Motorcycle,250,Petrol
2309,VZ-150,Motorcycle,150,Petrol
2313,TC PRO,Motorcycle,0,Electric
2314,AC1 150,Motorcycle,150,Petrol
2314,AC4 250,Motorcycle,250,Petrol
2314,GP300,Motorcycle,300,Petrol
2314,TROFEO 350AC,Motorcycle,350,Petrol
2321,HN100,Motorcycle,100,Petrol
2323,FLASH 150,Motorcycle,150,Petrol
2336,250 T,Motorcycle,250,Petrol
2336,ADD 150,Motorcycle,150,Petrol
2336,AN150,Scooter,150,Petrol
2336,CG 200 R6,Motorcycle,200,Petrol
2336,CG 250 R6,Motorcycle,250,Petrol
2336,CG110,Motorcycle,110,Petrol
2336,CRF250,Motorcycle,250,Petrol
2336,CUB 110,Scooter,110,Petrol
2336,DIAMOND 110,Motorcycle,110,Petrol
2336,E-GRACE,Scooter,0,Electric
2336,JOG 110,Scooter,110,Petrol
2336,MOVI 150,Scooter,150,Petrol
2336,PG 125,Motorcycle,125,Petrol
2336,SUPER JOG 150,Scooter,150,Petrol
2336,T105S,Scooter,105,Petrol
2336,X ROAD 200,Motorcycle,200,Petrol
2336,XR 250L,Motorcycle,250,Petrol
2337,NOVA 110,Motorcycle,110,Petrol
2346,DT125,Motorcycle,125,Petrol
2346,YZ 65,Motorcycle,65,Petrol
2360,NITRO 105,Scooter,105,Petrol
2375,310-M,Scooter,310,Petrol
2375,GK 350,Motorcycle,350,Petrol
2375,T 350,Motorcycle,350,Petrol
2375,ZT350-V1,Motorcycle,350,Petrol
1809,AK 150 DK,Scooter,150,Petrol
1809,AK 150 HUNTER,Motorcycle,150,Petrol
1809,AK 150 R4,Motorcycle,150,Petrol
1809,AK 180 CRX,Motorcycle,180,Petrol
1809,AK 180 GP,Motorcycle,180,Petrol
1809,AK 200 ADV,Motorcycle,200,Petrol
1809,AK 200 CS5,Motorcycle,200,Petrol
1809,AK 200 R4,Motorcycle,200,Petrol
1809,AK200 ZII,Motorcycle,200,Petrol
1809,AKT180,Motorcycle,180,Petrol
1809,TT200,Motorcycle,200,Petrol
1816,PHENOM 150,Scooter,150,Petrol
1825,RIDER150,Motorcycle,150,Petrol
1825,RR200,Motorcycle,200,Petrol
1838,PULSAR NS 125,Motorcycle,125,Petrol
1847,EVO 300,Motorcycle,300,Petrol
1871,300 SS,Motorcycle,300,Petrol
1871,IBEX 800 T,Motorcycle,800,Petrol
1874,CX65,Motorcycle,65,Petrol
1885,150,Motorcycle,150,Petrol
1885,150-7G,Motorcycle,150,Petrol
1885,200 R,Motorcycle,200,Petrol
1895,DY 125-6,Motorcycle,125,Petrol
1895,DY150-16D,Motorcycle,150,Petrol
1895,DY150-6,Motorcycle,150,Petrol
1895,PANDA DY 1250-6E,Motorcycle,1250,Petrol
1895,ROAD RALLY DY300-XF,Motorcycle,300,Petrol
1899,DH150-F,Motorcycle,150,Petrol
1920,200ZH,Motorcycle,200,Petrol
1920,250ZH,Motorcycle,250,Petrol
1920,CM150-3,Motorcycle,150,Petrol
1920,EC200-B,Motorcycle,200,Petrol
1941,CR1150,Motorcycle,1150,Petrol
1941,CR2 200,Motorcycle,200,Petrol
1941,CR5 250,Motorcycle,250,Petrol
1941,CRII 210,Motorcycle,210,Petrol
1941,F15 125,Motorcycle,125,Petrol
1941,FIRE125,Motorcycle,125,Petrol
1941,FX 200,Motorcycle,200,Petrol
1941,FXL 150,Motorcycle,150,Petrol
1941,FXR 150,Motorcycle,150,Petrol
1941,FXR 200,Motorcycle,200,Petrol
1941,FXR200L,Motorcycle,200,Petrol
1941,LIFE 110,Motorcycle,110,Petrol
1941,SPACE125,Scooter,125,Petrol
1941,SPITZER 250,Motorcycle,250,Petrol
1941,SPITZER 250R,Motorcycle,250,Petrol
1941,TUNNING 125,Motorcycle,125,Petrol
1956,CR3 200,Motorcycle,200,Petrol
1956,GEN 150 SUNNY,Scooter,150,Petrol
1956,HJ 125-7 SPORTS,Motorcycle,125,Petrol
1956,KLIK 150,Scooter,150,Petrol
1956,RKS 150 SPORT,Motorcycle,150,Petrol
1956,SX1 150,Motorcycle,150,Petrol
1956,SX1 250,Motorcycle,250,Petrol
1956,SX2 200,Motorcycle,200,Petrol
1956,SX3-250,Motorcycle,250,Petrol
1956,SZ1 200,Motorcycle,200,Petrol
1956,SZX1 200,Motorcycle,200,Petrol
1956,XM 250 Z,Motorcycle,250,Petrol
1956,XM125 GY-B,Motorcycle,125,Petrol
1956,ZM250,Motorcycle,250,Petrol
1978,LBX 125,Motorcycle,125,Petrol
1983,CB-1,Motorcycle,400,Petrol
1983,CB160R,Motorcycle,160,Petrol
1983,CBF 150S,Motorcycle,150,Petrol
1983,CBF 300,Motorcycle,300,Petrol
1983,CBR600,Motorcycle,600,Petrol
1983,DREAM NEO,Motorcycle,110,Petrol
1983,SHINE 125,Motorcycle,125,Petrol
1983,V-MEN,Motorcycle,125,Petrol
1983,V-MEN 150,Motorcycle,150,Petrol
1988,CITY 125,Scooter,125,Petrol
1988,GNX 150,Motorcycle,150,Petrol
1988,HN 150,Motorcycle,150,Petrol
1988,HN 250,Motorcycle,250,Petrol
1988,HS 200,Motorcycle,200,Petrol
1988,HS200GY,Motorcycle,200,Petrol
2012,BD50QT-2A,Scooter,50,Petrol
2034,CR1 150,Motorcycle,150,Petrol
2034,NAVE 150,Motorcycle,150,Petrol
2034,R1 200,Motorcycle,200,Petrol
2038,ER-6N,Motorcycle,650,Petrol
2038,VULCAN S650,Motorcycle,650,Petrol
2042,BLOG150,Scooter,150,Petrol
2042,CAFE RACER150,Motorcycle,150,Petrol
2042,C-LIGHT 125,Motorcycle,125,Petrol
2042,C-LIGHT 150,Motorcycle,150,Petrol
2042,HANDY150,Motorcycle,150,Petrol
2042,KC 150,Motorcycle,150,Petrol
2042,RKR 180,Motorcycle,180,Petrol
2042,RKS 200,Motorcycle,200,Petrol
2042,TX150,Motorcycle,150,Petrol
2042,VIESTE 175,Scooter,175,Petrol
2121,MXR 200,Motorcycle,200,Petrol
2121,NIU 150S,Scooter,150,Petrol
2121,NIUX 150,Scooter,150,Petrol
2121,NKD 150,Motorcycle,150,Petrol
2121,OWEN 150,Motorcycle,150,Petrol
2121,OWEN 150L,Motorcycle,150,Petrol
2121,PRO 200,Motorcycle,200,Petrol
2121,RK 150,Motorcycle,150,Petrol
2121,TR150,Motorcycle,150,Petrol
2121,XR200,Motorcycle,200,Petrol
2191,HAWK 250,Motorcycle,250,Petrol
2210,ASPID150,Motorcycle,150,Petrol
2210,COBRA150,Motorcycle,150,Petrol
2210,CORAL150,Motorcycle,150,Petrol
2210,DEFENDER 150 RR,Motorcycle,150,Petrol
2210,DEFENDER150,Motorcycle,150,Petrol
2210,FORZA150,Motorcycle,150,Petrol
2210,KAIZA150,Motorcycle,150,Petrol
2210,NAGA200,Motorcycle,200,Petrol
2210,RACE X 110,Motorcycle,110,Petrol
2210,RAPTOR250,Motorcycle,250,Petrol
2210,RS 170,Motorcycle,170,Petrol
2210,TAYPAN150,Motorcycle,150,Petrol
2210,TORNADO250,Motorcycle,250,Petrol
2210,YARA 250,Motorcycle,250,Petrol
2214,DMAX 150,Motorcycle,150,Petrol
2224,CCR 150,Motorcycle,150,Petrol
2224,CCR110,Scooter,110,Petrol
2224,SG250-4,Motorcycle,250,Petrol
2224,THUNDER125,Motorcycle,125,Petrol
2224,THUNDER150,Motorcycle,150,Petrol
2224,X-PECT200,Motorcycle,200,Petrol
2256,GD110,Motorcycle,110,Petrol
2257,ENDURO 200,Motorcycle,200,Petrol
2257,YUKON 150,Motorcycle,150,Petrol
2294,DSR200,Motorcycle,200,Petrol
2294,DURAMAX SPORT 150,Motorcycle,150,Petrol
2294,DURAMAX140,Motorcycle,140,Petrol
2294,DURAMAX180,Motorcycle,180,Petrol
2294,DUTYMAX 125 SPORT,Motorcycle,125,Petrol
2294,DUTYMAX 150,Motorcycle,150,Petrol
2294,FASTWIND 150,Motorcycle,150,Petrol
2294,FASTWIND 160 X,Motorcycle,160,Petrol
2294,FASTWIND 200X,Motorcycle,200,Petrol
2294,HYPERSPORT250,Motorcycle,250,Petrol
2294,MAX 150 RS,Motorcycle,150,Petrol
2294,MAX 150R,Motorcycle,150,Petrol
2294,MAX 200,Motorcycle,200,Petrol
2294,MAX125,Motorcycle,125,Petrol
2294,MAX150,Motorcycle,150,Petrol
2294,POWERMAX125,Motorcycle,125,Petrol
2294,RENEGADE COMMANDO 250,Motorcycle,250,Petrol
2294,RENEGADE LIBERTY 250,Motorcycle,250,Petrol
2294,RENEGADE SPORT 200S,Motorcycle,200,Petrol
2294,RENEGADE250,Motorcycle,250,Petrol
2294,XSTREET150,Motorcycle,150,Petrol
2294,XTREET 250 SS,Motorcycle,250,Petrol
2294,XTREET 250RS,Motorcycle,250,Petrol
2310,CLASH 200,Scooter,200,Petrol
2346,NMAX 155,Scooter,155,Petrol
2346,XC 115,Scooter,115,Petrol
2346,XV250 VIRAGO,Motorcycle,250,Petrol
2346,YC150,Motorcycle,150,Petrol
2346,YZ-320,Motorcycle,320,Petrol
2375,SCRAMBLER 200-GK,Motorcycle,200,Petrol
2375,SCRAMBLER 350-GK,Motorcycle,350,Petrol
2375,SPORTNAKED 200 U,Motorcycle,200,Petrol
2375,SUPER ADVENTURE 350T,Motorcycle,350,Petrol
2375,SUPER SPORT 350X,Motorcycle,350,Petrol
1809,AK150CS3BE,Motorcycle,150,Petrol
1809,AK200ADV,Motorcycle,200,Petrol
1809,AK200CS5,Motorcycle,200,Petrol
1819,ADR125,Motorcycle,125,Petrol
1821,SPORCITY 300,Scooter,300,Petrol
1821,SR 125,Scooter,125,Petrol
1821,TUONO 660,Motorcycle,660,Petrol
1824,AS150,Motorcycle,150,Petrol
1824,AS150 F7,Motorcycle,150,Petrol
1824,AS200,Motorcycle,200,Petrol
1824,AS200 Y7,Motorcycle,200,Petrol
1825,BEAST 150,Motorcycle,150,Petrol
1825,CANYON 250,Motorcycle,250,Petrol
1825,FORTUNE 125,Scooter,125,Petrol
1825,FURIA150,Motorcycle,150,Petrol
1825,MAGIC125,Motorcycle,125,Petrol
1825,MX 50,Motorcycle,50,Petrol
1825,RACING150,Motorcycle,150,Petrol
1825,RR 200,Motorcycle,200,Petrol
1825,SX50,Motorcycle,50,Petrol
1825,TERRA TZ150,Motorcycle,150,Petrol
1825,TRITON180,Motorcycle,180,Petrol
1828,AVA150T JAGUAR,Motorcycle,150,Petrol
1828,BRONCO 200,Motorcycle,200,Petrol
1828,FRISON 150R,Motorcycle,150,Petrol
1828,MUSTANG 200GY,Motorcycle,200,Petrol
1828,TIGRE 250 GYS,Motorcycle,250,Petrol
1828,TUCAN 110,Scooter,110,Petrol
1829,AV125,Motorcycle,125,Petrol
1829,AV125 CHOPPER TT,Motorcycle,125,Petrol
1829,AV125T-23,Scooter,125,Petrol
1829,AV150,Motorcycle,150,Petrol
1829,AV150-16D TT EDF,Motorcycle,150,Petrol
1829,AV200,Motorcycle,200,Petrol
1829,AV200-9,Motorcycle,200,Petrol
1829,ROUTE 150,Motorcycle,150,Petrol
1837,FOURSPEED90,Motorcycle,90,Petrol
1838,AVENGER 160S,Motorcycle,160,Petrol
1840,BS 150,Motorcycle,150,Petrol
1840,BS110-45D,Scooter,110,Petrol
1840,BSR 250,Motorcycle,250,Petrol
1844,NKD125 TD125-43,Motorcycle,125,Petrol
1853,F 800 GS ADVENTURE,Motorcycle,800,Petrol
1853,G 650 GS,Motorcycle,650,Petrol
1853,R 1150 GS,Motorcycle,1150,Petrol
1860,CF150R,Motorcycle,150,Petrol
1860,CF250R,Motorcycle,250,Petrol
1860,KT250R,Motorcycle,250,Petrol
1860,SC200R,Motorcycle,200,Petrol
1860,X200R,Motorcycle,200,Petrol
1871,450CL-C,Motorcycle,450,Petrol
1871,PAPIO 125,Motorcycle,125,Petrol
1874,CX50JR,Motorcycle,50,Petrol
1875,500F NEO SCRAMBLER,Motorcycle,500,Petrol
1903,DF50 STT,Motorcycle,50,Petrol
1903,ZR50,Motorcycle,50,Petrol
1905,HYPERMOTARD 939,Motorcycle,939,Petrol
1905,MULTISTRADA 1200 S TOURING,Motorcycle,1200,Petrol
1908,ET200,Motorcycle,200,Petrol
1921,XL1000DQT-5,Scooter,1000,Petrol
1932,DA200CC,Motorcycle,200,Petrol
1941,AVATAR LX 200,Motorcycle,200,Petrol
1941,AVATAR150,Motorcycle,150,Petrol
1941,AVATAR200,Motorcycle,200,Petrol
1941,FIRE 125,Motorcycle,125,Petrol
1941,FIRE210,Motorcycle,210,Petrol
1941,FXR 250L,Motorcycle,250,Petrol
1941,KLIK 110,Motorcycle,110,Petrol
1941,MAX150,Motorcycle,150,Petrol
1941,SPACE 125,Scooter,125,Petrol
1941,SUPER LIFE150,Motorcycle,150,Petrol
1941,TRIP 150,Scooter,150,Petrol
1941,TRIP110,Scooter,110,Petrol
1942,AVATAR 150,Motorcycle,150,Petrol
1942,SWEET 125,Scooter,125,Petrol
1952,MC 450 F,Motorcycle,450,Petrol
1952,MC 50,Motorcycle,50,Petrol
1956,HJ125,Motorcycle,125,Petrol
1973,DF150,Motorcycle,150,Petrol
1973,DH 125,Motorcycle,125,Petrol
1973,DK150,Motorcycle,150,Petrol
1973,DL 160,Motorcycle,160,Petrol
1973,EM-1,Scooter,0,Electric
1973,TR300,Motorcycle,300,Petrol
1973,UD 110,Motorcycle,110,Petrol
1973,UHR 150,Scooter,150,Petrol
1973,XCR300,Motorcycle,300,Petrol
1974,DM125,Motorcycle,125,Petrol
1975,FLHTCLI 1690,Motorcycle,1690,Petrol
1975,FLHTCU ULTRA CLASSIC ELECTRA GLIDE,Motorcycle,1690,Petrol
1975,FLHXI STREET GLIDE 1450,Motorcycle,1450,Petrol
1975,FLSTC 110TH ANNIV. ED,Motorcycle,110,Petrol
1975,FXSTD SOFTAIL DEUCE 1584,Motorcycle,1584,Petrol
1975,SPORTSTER 883,Motorcycle,883,Petrol
1975,STREET 500,Motorcycle,500,Petrol
1975,VRSC 1246,Motorcycle,1246,Petrol
1975,XG750,Motorcycle,750,Petrol
1975,XL1200,Motorcycle,1200,Petrol
1975,XR1200,Motorcycle,1200,Petrol
1981,DB608PRO,Motorcycle,608,Petrol
1983,ADV 350,Scooter,350,Petrol
1983,CB500 XA,Motorcycle,500,Petrol
1983,CD110 DREAM,Motorcycle,110,Petrol
1983,CMX 300,Motorcycle,300,Petrol
1983,CMX250,Motorcycle,250,Petrol
1983,CR125,Motorcycle,125,Petrol
1983,CR250,Motorcycle,250,Petrol
1983,CR85R,Motorcycle,85,Petrol
1983,CRF125,Motorcycle,125,Petrol
1983,CRF150,Motorcycle,150,Petrol
1983,CRF150F,Motorcycle,150,Petrol
1983,CRF150R,Motorcycle,150,Petrol
1983,CRF450L,Motorcycle,450,Petrol
1983,CRF50,Motorcycle,50,Petrol
1983,CRF80,Motorcycle,80,Petrol
1983,ELITE 250,Scooter,250,Petrol
1983,ELITE110,Scooter,110,Petrol
1983,ELITE190,Scooter,190,Petrol
1983,GL1100 GOLD WING,Motorcycle,1100,Petrol
1983,GL1200 GOLD WING,Motorcycle,1200,Petrol
1983,GL1500 GOLD WING,Motorcycle,1500,Petrol
1983,METROPOLITAN 50,Scooter,50,Petrol
1983,MSX125,Motorcycle,125,Petrol
1983,NC700X,Motorcycle,700,Petrol
1983,NC750S,Motorcycle,750,Petrol
1983,NIGHTHAWK 450,Motorcycle,450,Petrol
1983,NIGHTHAWK 650,Motorcycle,650,Petrol
1983,NPS 50,Scooter,50,Petrol
1983,NT 650,Motorcycle,650,Petrol
1983,REBEL 250,Motorcycle,250,Petrol
1983,REBEL 300,Motorcycle,300,Petrol
1983,SHADOW 1100,Motorcycle,1100,Petrol
1983,SHADOW 600,Motorcycle,600,Petrol
1983,ST1300,Motorcycle,1300,Petrol
1983,UNICORN 150,Motorcycle,150,Petrol
1983,VFR700F INTERCEPTOR,Motorcycle,700,Petrol
1983,VFR800F,Motorcycle,800,Petrol
1983,VT 500,Motorcycle,500,Petrol
1983,VT1100,Motorcycle,1100,Petrol
1983,VT600C,Motorcycle,600,Petrol
1983,VT600C SHADOW,Motorcycle,600,Petrol
1983,VT750,Motorcycle,750,Petrol
1983,VTR1000,Motorcycle,1000,Petrol
1983,VTX1300,Motorcycle,1300,Petrol
1983,VTX1800,Motorcycle,1800,Petrol
1983,VTX1800C,Motorcycle,1800,Petrol
1983,XL600R,Motorcycle,600,Petrol
1983,XR 200,Motorcycle,200,Petrol
1983,XR 250R,Motorcycle,250,Petrol
1983,XR 350 R,Motorcycle,350,Petrol
1983,XR 400R,Motorcycle,400,Petrol
1983,XR 500 R,Motorcycle,500,Petrol
1983,XR 600R,Motorcycle,600,Petrol
1983,XR 70 R,Motorcycle,70,Petrol
1983,XR 80,Motorcycle,80,Petrol
1983,XR100,Motorcycle,100,Petrol
1983,XR50R,Motorcycle,50,Petrol
1995,TC 50,Motorcycle,50,Petrol
1995,TC 85,Motorcycle,85,Petrol
1995,TE 150,Motorcycle,150,Petrol
1995,TE 300 PRO,Motorcycle,300,Petrol
1998,CHIEF EPOCA 1200,Motorcycle,1200,Petrol
1998,CHIEFTAIN DARK HORSE 1890,Motorcycle,1890,Petrol
2003,125Z,Motorcycle,125,Petrol
2003,150Z,Motorcycle,150,Petrol
2003,200Z,Motorcycle,200,Petrol
2003,250Z,Motorcycle,250,Petrol
2003,AT110,Motorcycle,110,Petrol
2003,BIT150,Motorcycle,150,Petrol
2003,BLACKBIRD 250,Motorcycle,250,Petrol
2003,CS125,Scooter,125,Petrol
2003,D125,Scooter,125,Petrol
2003,D150,Scooter,150,Petrol
2003,DM150,Motorcycle,150,Petrol
2003,DM200,Motorcycle,200,Petrol
2003,DM250,Motorcycle,250,Petrol
2003,DM250X,Motorcycle,250,Petrol
2003,DS125,Scooter,125,Petrol
2003,DS150,Scooter,150,Petrol
2003,DSG125,Scooter,125,Petrol
2003,FIERA250,Motorcycle,250,Petrol
2003,FT125,Motorcycle,125,Petrol
2003,FT150,Motorcycle,150,Petrol
2003,GS150,Motorcycle,150,Petrol
2003,GTK125,Motorcycle,125,Petrol
2003,RT250,Motorcycle,250,Petrol
2003,VORT X300,Motorcycle,300,Petrol
2003,VORT-X 200,Motorcycle,200,Petrol
2003,VORT-X 250,Motorcycle,250,Petrol
2003,W150,Scooter,150,Petrol
2003,WS150,Scooter,150,Petrol
2003,XS125,Scooter,125,Petrol
2014,BY-D300A,Scooter,300,Petrol
2021,KPR200,Motorcycle,200,Petrol
2026,YY150T,Scooter,150,Petrol
2027,JN50QT-10F,Scooter,50,Petrol
2038,BR125,Motorcycle,125,Petrol
2038,CONCOURS 1000,Motorcycle,1000,Petrol
2038,ELIMINATOR 125,Motorcycle,125,Petrol
2038,EX250 NINJA,Motorcycle,250,Petrol
2038,EX300 NINJA,Motorcycle,300,Petrol
2038,KL650,Motorcycle,650,Petrol
2038,KLX110,Motorcycle,110,Petrol
2038,KLX250,Motorcycle,250,Petrol
2038,KLX450,Motorcycle,450,Petrol
2038,KX100,Motorcycle,100,Petrol
2038,KX450X,Motorcycle,450,Petrol
2038,KX65,Motorcycle,65,Petrol
2038,KX85,Motorcycle,85,Petrol
2038,NINJA 500,Motorcycle,500,Petrol
2038,NINJA 636 ZX-6R,Motorcycle,636,Petrol
2038,VULCAN 1600,Motorcycle,1600,Petrol
2038,Z125,Motorcycle,125,Petrol
2038,ZX1100E1,Motorcycle,1100,Petrol
2039,KMB 150,Motorcycle,150,Petrol
2039,KMB60,Motorcycle,60,Petrol
2040,KZ 110,Motorcycle,110,Petrol
2040,KZ 150,Motorcycle,150,Petrol
2040,KZ200,Motorcycle,200,Petrol
2040,KZ200GY,Motorcycle,200,Petrol
2040,KZ250GS,Motorcycle,250,Petrol
2042,AGORA 50,Scooter,50,Petrol
2055,1290 SUPER DUKE RR,Motorcycle,1290,Petrol
2055,250 SX,Motorcycle,250,Petrol
2055,690 DUKE,Motorcycle,690,Petrol
2059,K PIPE 125,Motorcycle,125,Petrol
2059,MICARE 125,Scooter,125,Petrol
2059,QUANNON 150,Motorcycle,150,Petrol
2059,RACING KING 150,Scooter,150,Petrol
2059,VIVIO150,Scooter,150,Petrol
2059,XCITING 500,Scooter,500,Petrol
2092,E-VOLT 1.0,Scooter,0,Electric
2092,LIPO 2000W,Scooter,0,Electric
2096,MZK 125R,Motorcycle,125,Petrol
2097,CHOPPER MT150,Motorcycle,150,Petrol
2097,MT250XR,Motorcycle,250,Petrol
2110,V7 750,Motorcycle,750,Petrol
2119,BROZZ200,Motorcycle,200,Petrol
2119,BS150,Motorcycle,150,Petrol
2119,CORSARIO125,Motorcycle,125,Petrol
2119,CR200,Motorcycle,200,Petrol
2119,CROSS 150,Motorcycle,150,Petrol
2119,CRUISER250,Motorcycle,250,Petrol
2119,ENZZO 180,Motorcycle,180,Petrol
2119,FORMULA 200,Motorcycle,200,Petrol
2119,FORMULA 200RS,Motorcycle,200,Petrol
2119,FX150,Motorcycle,150,Petrol
2119,KIDDEN 200 RS,Motorcycle,200,Petrol
2119,LX200,Motorcycle,200,Petrol
2119,MATRIX 150,Scooter,150,Petrol
2119,MD150T,Motorcycle,150,Petrol
2119,MINI 150,Motorcycle,150,Petrol
2119,MONTANA150,Motorcycle,150,Petrol
2119,MV150,Motorcycle,150,Petrol
2119,NAVE 110,Scooter,110,Petrol
2119,PHANTOM 110,Scooter,110,Petrol
2119,POLARIS 125,Motorcycle,125,Petrol
2119,SHARK 150,Motorcycle,150,Petrol
2119,SPEED125,Scooter,125,Petrol
2119,STORM150,Scooter,150,Petrol
2119,TEKKEN 250,Motorcycle,250,Petrol
2119,TORINO 250,Motorcycle,250,Petrol
2119,TYPHON150,Scooter,150,Petrol
2119,ZETONA 200 RS,Motorcycle,200,Petrol
2119,ZETONA250,Motorcycle,250,Petrol
2119,ZR200,Motorcycle,200,Petrol
2121,KC150,Motorcycle,150,Petrol
2121,KPV150,Scooter,150,Petrol
2121,MXR200L,Motorcycle,200,Petrol
2121,NIU 125,Scooter,125,Petrol
2121,NKD125,Motorcycle,125,Petrol
2121,NKD150,Motorcycle,150,Petrol
2121,PRO MINI 200,Motorcycle,200,Petrol
2121,RK150,Motorcycle,150,Petrol
2121,VINTAGE 400,Motorcycle,400,Petrol
2121,XY 200 ST,Motorcycle,200,Petrol
2123,ADV 500X,Motorcycle,500,Petrol
2123,JUMP 3000W,Motorcycle,0,Electric
2123,MXR200Z,Motorcycle,200,Petrol
2123,NV 150,Motorcycle,150,Petrol
2123,R 300,Motorcycle,300,Petrol
2123,TANK 180,Scooter,180,Petrol
2123,VALICO 525 DSX,Motorcycle,525,Petrol
2124,QCIX E-COOL,Scooter,0,Electric
2127,BD 50QT-2A,Scooter,50,Petrol
2135,ATLAS 200,Scooter,200,Petrol
2135,RONIN200,Motorcycle,200,Petrol
2135,ZEUS 200,Motorcycle,200,Petrol
2135,ZORRO 150,Motorcycle,150,Petrol
2135,ZORRO 180,Motorcycle,180,Petrol
2138,COMMANDO 750,Motorcycle,750,Petrol
2147,CY169,Motorcycle,169,Petrol
2147,CY200GY,Motorcycle,200,Petrol
2147,CYCLONE 250,Motorcycle,250,Petrol
2147,FORASTERA 220,Motorcycle,220,Petrol
2147,KT 125-3,Scooter,125,Petrol
2147,KT 125-4,Scooter,125,Petrol
2147,KT 150-2,Scooter,150,Petrol
2147,KT 150-3,Scooter,150,Petrol
2147,KT150-4,Scooter,150,Petrol
2147,KZ 125,Motorcycle,125,Petrol
2147,KZ 150-2,Motorcycle,150,Petrol
2147,KZ 150GY-2,Motorcycle,150,Petrol
2147,KZ 150GY-SS,Motorcycle,150,Petrol
2147,KZ 180,Motorcycle,180,Petrol
2147,KZ 200GY,Motorcycle,200,Petrol
2147,KZ 200SS,Motorcycle,200,Petrol
2147,KZ 250,Motorcycle,250,Petrol
2147,KZ 250GY-SS,Motorcycle,250,Petrol
2147,KZ125-3B,Scooter,125,Petrol
2147,KZ200ZK,Motorcycle,200,Petrol
2147,ZT150,Scooter,150,Petrol
2156,GTS 200,Scooter,200,Petrol
2156,LIBERTY 150,Scooter,150,Petrol
2156,MP3 300,Scooter,300,Petrol
2156,PRIMAVERA 125,Scooter,125,Petrol
2156,VESPA PRIMAVERA 150,Scooter,150,Petrol
2169,150,Motorcycle,150,Petrol
2180,MR 300,Motorcycle,300,Petrol
2199,SY125-11,Motorcycle,125,Petrol
2199,SY200,Motorcycle,200,Petrol
2200,JOYMAX GTS 300,Scooter,300,Petrol
2203,TWENTY 250,Motorcycle,250,Petrol
2208,SK200 RAPTOR,Motorcycle,200,Petrol
2210,ANDY 110,Scooter,110,Petrol
2210,ANTU125,Scooter,125,Petrol
2210,ASPID 125,Motorcycle,125,Petrol
2210,CLICK150,Scooter,150,Petrol
2210,COBRA125,Motorcycle,125,Petrol
2210,DRACO 250,Motorcycle,250,Petrol
2210,FORZA 125,Motorcycle,125,Petrol
2210,HYDRA150,Scooter,150,Petrol
2210,KAIZAKA100,Motorcycle,100,Petrol
2210,KRAIT150,Motorcycle,150,Petrol
2210,NAGA150,Motorcycle,150,Petrol
2210,RACE 125,Motorcycle,125,Petrol
2210,SERAPH150,Scooter,150,Petrol
2210,TAYPAN125,Motorcycle,125,Petrol
2216,125 SE-R 2T FACTORY,Motorcycle,125,Petrol
2216,250 SEF-R,Motorcycle,250,Petrol
2216,300 SE FACTORY,Motorcycle,300,Petrol
2216,300 SEF-R,Motorcycle,300,Petrol
2216,300 SE-R,Motorcycle,300,Petrol
2216,450 SEF-R,Motorcycle,450,Petrol
2224,CYCLONE150,Motorcycle,150,Petrol
2239,STREAK DRR 100,Scooter,100,Petrol
2245,Z8,Motorcycle,0,Electric
2256,BOULEVARD 1800,Motorcycle,1800,Petrol
2256,BOULEVARD 650,Motorcycle,650,Petrol
2256,BOULEVARD 800,Motorcycle,800,Petrol
2256,BOULEVARD C90,Motorcycle,90,Petrol
2256,BURGMAN 400,Scooter,400,Petrol
2256,DR 250,Motorcycle,250,Petrol
2256,DR125,Motorcycle,125,Petrol
2256,DR-Z 400 E,Motorcycle,400,Petrol
2256,DR-Z250,Motorcycle,250,Petrol
2256,DS80,Motorcycle,80,Petrol
2256,FA50,Scooter,50,Petrol
2256,FD110,Scooter,110,Petrol
2256,GE110,Motorcycle,110,Petrol
2256,GL150,Motorcycle,150,Petrol
2256,GS 450,Motorcycle,450,Petrol
2256,GS 500,Motorcycle,500,Petrol
2256,GSX 1100 F,Motorcycle,1100,Petrol
2256,GSX-R 1100,Motorcycle,1100,Petrol
2256,GW250 INAZUMA,Motorcycle,250,Petrol
2256,GZ250,Motorcycle,250,Petrol
2256,RM 80,Motorcycle,80,Petrol
2256,RM-Z250,Motorcycle,250,Petrol
2256,RM-Z450,Motorcycle,450,Petrol
2256,SP 250,Motorcycle,250,Petrol
2256,SV 650 S,Motorcycle,650,Petrol
2256,TU250X,Motorcycle,250,Petrol
2256,UN125,Scooter,125,Petrol
2256,VL1500 INTRUDER,Motorcycle,1500,Petrol
2256,VLR1800,Motorcycle,1800,Petrol
2256,VS1400 INTRUDER,Motorcycle,1400,Petrol
2256,VS800 INTRUDER,Motorcycle,800,Petrol
2256,VZ800,Motorcycle,800,Petrol
2259,F1 SUPER 125,Scooter,125,Petrol
2259,NHO 150,Motorcycle,150,Petrol
2259,NH-T 170,Motorcycle,170,Petrol
2264,ADVENTURE 150,Scooter,150,Petrol
2267,KTMMEX SPRAY TK50QT-9,Scooter,50,Petrol
2279,PREDATOR 5000W,Motorcycle,0,Electric
2279,SPARTAN 2000W,Motorcycle,0,Electric
2279,SPARTAN 3000W,Motorcycle,0,Electric
2279,URBAN 2000W,Motorcycle,0,Electric
2279,URBAN 3000W,Motorcycle,0,Electric
2282,TM 450,Motorcycle,450,Petrol
2283,200 SCRAMBLER,Motorcycle,200,Petrol
2283,250 SCRAMBLER,Motorcycle,250,Petrol
2283,POLICE 250,Motorcycle,250,Petrol
2283,VELOZE 150,Scooter,150,Petrol
2283,ZS125,Motorcycle,125,Petrol
2283,ZS150GY,Motorcycle,150,Petrol
2283,ZS150GY-8,Motorcycle,150,Petrol
2296,EGL 125,Scooter,125,Petrol
2302,BLAST 125,Motorcycle,125,Petrol
2302,CYCLONE 150,Motorcycle,150,Petrol
2302,FALKON 200,Motorcycle,200,Petrol
2302,ROCKETMAN 250,Motorcycle,250,Petrol
2302,ROCKETMAN SPORT 250,Motorcycle,250,Petrol
2302,RUDA 150,Scooter,150,Petrol
2302,RYDER 150,Motorcycle,150,Petrol
2302,STREET ROD 150,Scooter,150,Petrol
2302,TERRA150,Scooter,150,Petrol
2313,TS STREET HUNTER,Motorcycle,0,Electric
2314,DSX 650,Motorcycle,650,Petrol
2314,ER10,Motorcycle,0,Electric
2315,GRUNT,Motorcycle,0,Electric
2320,BS110,Scooter,110,Petrol
2320,BS150GY,Motorcycle,150,Petrol
2320,BS200,Scooter,200,Petrol
2320,BS200GY-18K,Motorcycle,200,Petrol
2320,BWS150,Scooter,150,Petrol
2320,V150,Motorcycle,150,Petrol
2335,Z6,Scooter,0,Electric
2340,ABNER,Scooter,0,Electric
2340,GRACE,Scooter,0,Electric
2341,S110,Scooter,110,Petrol
2344,C1S,Scooter,0,Electric
2344,E8 S,Scooter,0,Electric
2344,Y1S,Scooter,0,Electric
2344,Y1S PRO,Scooter,0,Electric
2346,AG200,Motorcycle,200,Petrol
2346,FZ6 FAZER 600,Motorcycle,600,Petrol
2346,HL500,Motorcycle,500,Petrol
2346,MAJESTY 400,Scooter,400,Petrol
2346,MT-15,Motorcycle,155,Petrol
2346,PW80,Motorcycle,80,Petrol
2346,PW90,Motorcycle,90,Petrol
2346,RT100,Motorcycle,100,Petrol
2346,SCR950,Motorcycle,950,Petrol
2346,SMAX 150,Scooter,150,Petrol
2346,SRV 250,Motorcycle,250,Petrol
2346,T-MAX 530,Scooter,530,Petrol
2346,TT500,Motorcycle,500,Petrol
2346,TT-R 125,Motorcycle,125,Petrol
2346,TT-R 230,Motorcycle,230,Petrol
2346,TT-R 250,Motorcycle,250,Petrol
2346,TTR225,Motorcycle,225,Petrol
2346,TW200,Motorcycle,200,Petrol
2346,VINO125,Scooter,125,Petrol
2346,VIRAGO 250,Motorcycle,250,Petrol
2346,VMAX 1200,Motorcycle,1200,Petrol
2346,VMX1200 V-MAX,Motorcycle,1200,Petrol
2346,WR250R,Motorcycle,250,Petrol
2346,WR400,Motorcycle,400,Petrol
2346,WR400F,Motorcycle,400,Petrol
2346,XC 180,Scooter,180,Petrol
2346,XS400,Motorcycle,400,Petrol
2346,XS750,Motorcycle,750,Petrol
2346,XT 225,Motorcycle,225,Petrol
2346,XV535 VIRAGO,Motorcycle,535,Petrol
2346,XVS650,Motorcycle,650,Petrol
2346,YC125,Motorcycle,125,Petrol
2346,YW50,Scooter,50,Petrol
2346,YX600,Motorcycle,600,Petrol
2346,YZ 426 F,Motorcycle,426,Petrol
2346,YZ 450,Motorcycle,450,Petrol
2346,YZF600R THUNDERCAT,Motorcycle,600,Petrol
2346,YZF690,Motorcycle,690,Petrol
2346,ZUMA 125,Scooter,125,Petrol
2346,ZUMA 50,Scooter,50,Petrol
2357,YT 125,Motorcycle,125,Petrol
2365,S ZF14.4,Motorcycle,0,Electric
2369,PAD125-3,Motorcycle,125,Petrol
2373,LANCE 150T-E,Motorcycle,150,Petrol
2374,MILANO125,Scooter,125,Petrol
2374,ZS125GY,Motorcycle,125,Petrol
1798,DM125,Motorcycle,125,Petrol
1809,AK 150 PW,Motorcycle,150,Petrol
1809,AK 150 SL,Motorcycle,150,Petrol
1809,AK 200 BR,Motorcycle,200,Petrol
1809,AK 200 TT,Motorcycle,200,Petrol
1853,R 1150 RT,Motorcycle,1150,Petrol
1862,ALFA250,Motorcycle,250,Petrol
1862,ET150,Motorcycle,150,Petrol
1862,HUNTER250,Motorcycle,250,Petrol
1862,LEGATUS150,Motorcycle,150,Petrol
1868,SPYDER RS 1000,Motorcycle,1000,Petrol
1874,CX50,Motorcycle,50,Petrol
1874,MZX125 T15,Motorcycle,125,Petrol
1895,DY 250-2,Motorcycle,250,Petrol
1905,750 SPORT,Motorcycle,750,Petrol
1905,848 SUPERBIKE,Motorcycle,848,Petrol
1956,BK150,Motorcycle,150,Petrol
1956,F15 150,Scooter,150,Petrol
1956,GA-200,Motorcycle,200,Petrol
1956,GA-300,Motorcycle,300,Petrol
1956,GSR180,Motorcycle,180,Petrol
1956,GSR200,Motorcycle,200,Petrol
1956,GSR250,Motorcycle,250,Petrol
1956,GXT200,Motorcycle,200,Petrol
1956,GXT250,Motorcycle,250,Petrol
1956,KLIK150,Scooter,150,Petrol
1956,MC-200,Motorcycle,200,Petrol
1956,MC-250,Motorcycle,250,Petrol
1956,SD-150,Motorcycle,150,Petrol
1956,SM-150,Motorcycle,150,Petrol
1956,XM150,Motorcycle,150,Petrol
1956,XM200,Motorcycle,200,Petrol
1956,ZK150,Motorcycle,150,Petrol
1956,ZUM 150,Scooter,150,Petrol
1972,DA 150S,Motorcycle,150,Petrol
1972,TAURUS200,Motorcycle,200,Petrol
1973,UF115,Scooter,115,Petrol
1975,FLHT ELECTRA GLIDE 1745,Motorcycle,1745,Petrol
1975,FLHTCU ULTRA CLASSIC ELECTRA GLIDE 1584,Motorcycle,1584,Petrol
1975,FXDWG DYNA WIDE GLIDE 1450,Motorcycle,1450,Petrol
1975,FXDWG DYNA WIDE GLIDE 1584,Motorcycle,1584,Petrol
1983,CBF160 INVICTA,Motorcycle,160,Petrol
1983,CGR125,Motorcycle,125,Petrol
1983,CX500C,Motorcycle,500,Petrol
1983,SHADOW 1300,Motorcycle,1300,Petrol
1988,CITY 150,Scooter,150,Petrol
1988,HN 125,Motorcycle,125,Petrol
1989,E-SCOOTER,Scooter,0,Electric
1994,FE 250,Motorcycle,250,Petrol
1994,TE 300,Motorcycle,300,Petrol
1996,C-150,Motorcycle,150,Petrol
1996,SS1-150,Motorcycle,150,Petrol
1996,X-200,Motorcycle,200,Petrol
2003,DS 150,Scooter,150,Petrol
2003,F150,Motorcycle,150,Petrol
2003,FIERA150,Motorcycle,150,Petrol
2003,FIERA200,Motorcycle,200,Petrol
2003,FT 180,Motorcycle,180,Petrol
2003,FT115,Motorcycle,115,Petrol
2003,FT200,Motorcycle,200,Petrol
2003,GS 150,Motorcycle,150,Petrol
2003,LX150ZK,Scooter,150,Petrol
2003,MODENA150,Scooter,150,Petrol
2020,JS150,Motorcycle,150,Petrol
2051,ZX150,Motorcycle,150,Petrol
2051,ZX200,Motorcycle,200,Petrol
2051,ZX250,Motorcycle,250,Petrol
2051,ZX250R,Motorcycle,250,Petrol
2055,990 ADVENTURE,Motorcycle,990,Petrol
2059,SPIKE 125,Scooter,125,Petrol
2061,KY200GY,Motorcycle,200,Petrol
2112,MX 250,Motorcycle,250,Petrol
2197,HC110-MF,Motorcycle,110,Petrol
2197,HC125,Motorcycle,125,Petrol
2197,HC125-12,Scooter,125,Petrol
2197,HC125-CG1,Motorcycle,125,Petrol
2197,HC125-EE,Scooter,125,Petrol
2197,HC150,Motorcycle,150,Petrol
2197,HC150 LEOPARD,Motorcycle,150,Petrol
2197,HC150 RAPTOR,Motorcycle,150,Petrol
2197,HC150-13,Motorcycle,150,Petrol
2197,HC150-BWSE,Motorcycle,150,Petrol
2197,HC150-CG4,Motorcycle,150,Petrol
2197,HC150-TZE,Motorcycle,150,Petrol
2197,HC200,Motorcycle,200,Petrol
2197,HC200 LEOPARD,Motorcycle,200,Petrol
2197,HC200G,Motorcycle,200,Petrol
2197,HC200GY-18,Motorcycle,200,Petrol
2197,HC250,Motorcycle,250,Petrol
2197,HC250G,Motorcycle,250,Petrol
2197,HC250GY-CQ,Motorcycle,250,Petrol
2197,HC300 LEOPARD,Motorcycle,300,Petrol
2197,SCOOTER 150,Scooter,150,Petrol
2197,STEALTH 300,Motorcycle,300,Petrol
2210,ANDY125,Scooter,125,Petrol
2210,CORAL125,Motorcycle,125,Petrol
2210,KRAIT 150,Motorcycle,150,Petrol
2210,NOVA 100,Motorcycle,100,Petrol
2210,RS5 150,Scooter,150,Petrol
2210,SUPER TT 250,Motorcycle,250,Petrol
2210,VIPER150,Motorcycle,150,Petrol
2237,FXR200L,Motorcycle,200,Petrol
2256,BOULEVARD 750,Motorcycle,750,Petrol
2256,DR-Z 400,Motorcycle,400,Petrol
2268,CY50T-10,Scooter,50,Petrol
2268,PONY 50,Scooter,50,Petrol
2280,TM150,Motorcycle,150,Petrol
2280,TM150 GY,Motorcycle,150,Petrol
2280,TM150-18,Motorcycle,150,Petrol
2280,TM150-6,Motorcycle,150,Petrol
2280,TM250,Motorcycle,250,Petrol
2302,ATOM 150,Scooter,150,Petrol
2302,CM 200,Motorcycle,200,Petrol
2302,CM 250,Motorcycle,250,Petrol
2302,GT300,Motorcycle,300,Petrol
2302,INTREPID 125,Scooter,125,Petrol
2302,LITHIUM 150 2.0,Motorcycle,150,Petrol
2302,NITROX 250,Motorcycle,250,Petrol
2302,NITROX 250 T3,Motorcycle,250,Petrol
2302,XPLOR 190,Motorcycle,190,Petrol
2302,XPRESS 150,Motorcycle,150,Petrol
2346,XT 350,Motorcycle,350,Petrol
2346,XVS 1600 WILD STAR,Motorcycle,1600,Petrol
2372,300 PRO,Motorcycle,300,Petrol
2372,COMMANDER110,Scooter,110,Petrol
2372,CR1S 150,Motorcycle,150,Petrol
2372,CR5 250,Motorcycle,250,Petrol
2372,CRT 250,Motorcycle,250,Petrol
2372,CRUISER250,Motorcycle,250,Petrol
2372,CRX 150,Motorcycle,150,Petrol
2372,CRX125,Motorcycle,125,Petrol
2372,CRX180,Motorcycle,180,Petrol
2372,CRX200,Motorcycle,200,Petrol
2372,CRZ 150,Motorcycle,150,Petrol
2372,CRZ250R,Motorcycle,250,Petrol
2372,GY9 Z200,Motorcycle,200,Petrol
2372,MAXX110,Scooter,110,Petrol
2372,MG 150,Motorcycle,150,Petrol
2372,RS150,Motorcycle,150,Petrol
2372,RUNGA 300,Motorcycle,300,Petrol
2372,RUNGA 320,Motorcycle,320,Petrol
2372,RUNGA250,Motorcycle,250,Petrol
2372,SCRAMBLER 250,Motorcycle,250,Petrol
2372,SCRAMBLER 62,Motorcycle,62,Petrol
2372,SX1 220,Motorcycle,220,Petrol
2372,SX2 250,Motorcycle,250,Petrol
2372,SX4 250,Motorcycle,250,Petrol
2372,TERRA150,Scooter,150,Petrol
2372,VICTORY 125,Motorcycle,125,Petrol
2372,ZM150,Scooter,150,Petrol
2372,ZR 150,Motorcycle,150,Petrol
2372,ZR125,Motorcycle,125,Petrol
2374,ZS150,Motorcycle,150,Petrol
2375,ZT150-L,Motorcycle,150,Petrol
2375,ZT350-GK,Motorcycle,350,Petrol
1809,AKT 200 BR,Motorcycle,200,Petrol
1809,MT250,Motorcycle,250,Petrol
1828,AVA150,Motorcycle,150,Petrol
1828,AVA200,Motorcycle,200,Petrol
1828,AVA200GY,Motorcycle,200,Petrol
1828,AVA250R,Motorcycle,250,Petrol
1829,TORNADO200,Motorcycle,200,Petrol
1956,CR1S150,Motorcycle,150,Petrol
1956,DY125,Motorcycle,125,Petrol
1956,GE125,Motorcycle,125,Petrol
1956,HJ110,Motorcycle,110,Petrol
1956,JORG125,Scooter,125,Petrol
1956,KA150,Motorcycle,150,Petrol
1956,RKS150,Motorcycle,150,Petrol
1983,GRAZIA 110,Motorcycle,110,Petrol
2133,BLADE 250,Motorcycle,250,Petrol
2133,HERCULES 250,Motorcycle,250,Petrol
2133,MAX 150,Motorcycle,150,Petrol
2175,200B,Motorcycle,200,Petrol
2175,BLADE 150,Motorcycle,150,Petrol
2175,BRAVO 150,Motorcycle,150,Petrol
2175,DRAGON 150,Motorcycle,150,Petrol
2175,DRIFTER250,Motorcycle,250,Petrol
2175,FELSIG200,Motorcycle,200,Petrol
2175,FUEGO200,Motorcycle,200,Petrol
2175,LENDEL125,Scooter,125,Petrol
2175,RINO150,Motorcycle,150,Petrol
2175,ZORRO150,Motorcycle,150,Petrol
2224,ENERGY 110,Scooter,110,Petrol
2224,NOVA110,Scooter,110,Petrol
2256,HAYATE 110D,Motorcycle,110,Petrol
2256,V-STROM 800DE,Motorcycle,800,Petrol
2346,FAZER 150,Motorcycle,150,Petrol
2346,KIDDEN 200,Motorcycle,200,Petrol
2346,YZF R3,Motorcycle,300,Petrol
1813,XPRO 150,Motorcycle,150,Petrol
1832,PRO250,Motorcycle,250,Petrol
1840,BS125GY,Motorcycle,125,Petrol
1846,TL110-2GF,Scooter,110,Petrol
1861,VX200-3,Motorcycle,200,Petrol
1861,VX200GY,Motorcycle,200,Petrol
1861,XY200-9,Motorcycle,200,Petrol
1861,ZF200-5,Motorcycle,200,Petrol
1886,DELFINO 100,Scooter,100,Petrol
1886,SE50,Scooter,50,Petrol
1886,S-FIVE 50,Scooter,50,Petrol
1905,SCRAMBLER 1100 SPORT PRO,Motorcycle,1100,Petrol
1952,EC 350 F,Motorcycle,350,Petrol
1952,MC 85 19/16,Motorcycle,85,Petrol
1966,GT500W,Scooter,500,Petrol
1970,B-3005,Scooter,0,Electric
1970,B-3007,Scooter,0,Electric
1983,NC750,Motorcycle,750,Petrol
1990,50,Motorcycle,50,Petrol
2000,TL110-2G,Scooter,110,Petrol
2000,TL125-11H,Scooter,125,Petrol
2000,TL125-16L,Scooter,125,Petrol
2000,TL125-5F,Scooter,125,Petrol
2000,TL150-13F,Motorcycle,150,Petrol
2000,TL150-13S,Motorcycle,150,Petrol
2000,TL150-2T,Motorcycle,150,Petrol
2000,TL150-2T PRO,Motorcycle,150,Petrol
2000,TL150-5,Motorcycle,150,Petrol
2000,TL150-CRM,Motorcycle,150,Petrol
2000,TL200-2T,Motorcycle,200,Petrol
2000,TL200-2T PRO,Motorcycle,200,Petrol
2000,TL250-CR5,Motorcycle,250,Petrol
2039,TD 125,Motorcycle,125,Petrol
2041,BAD BOY CX 50,Motorcycle,50,Petrol
2045,BLITZ110,Scooter,110,Petrol
2045,BLITZ125,Scooter,125,Petrol
2045,BULL200,Motorcycle,200,Petrol
2045,C110,Scooter,110,Petrol
2045,CLASSIC125,Motorcycle,125,Petrol
2045,DAKAR150,Motorcycle,150,Petrol
2045,DAKAR200,Motorcycle,200,Petrol
2045,ELEGANCE125,Scooter,125,Petrol
2045,FUSION125,Scooter,125,Petrol
2045,GL125,Motorcycle,125,Petrol
2045,GL150,Motorcycle,150,Petrol
2045,GL200,Motorcycle,200,Petrol
2045,GTR150,Motorcycle,150,Petrol
2045,GTR150 EKO,Motorcycle,150,Petrol
2045,GTR200,Motorcycle,200,Petrol
2045,JOY 110,Scooter,110,Petrol
2045,MOPEDO KM50S,Scooter,50,Petrol
2045,NOVA 110,Motorcycle,110,Petrol
2045,SHARK150,Motorcycle,150,Petrol
2045,SHARK200,Motorcycle,200,Petrol
2045,SKUA 150,Motorcycle,150,Petrol
2045,UNKNOWN SCOOTER 170 CC,Scooter,170,Petrol
2045,VIVIA110,Scooter,110,Petrol
2055,300 XC-W TPI ERZBERGRODEO,Motorcycle,300,Petrol
2055,SX-E 5,Motorcycle,0,Electric
2057,708A,Motorcycle,708,Petrol
2065,GSX150,Motorcycle,150,Petrol
2065,HB110,Scooter,110,Petrol
2065,HB125,Scooter,125,Petrol
2065,HT150,Motorcycle,150,Petrol
2065,HT150 BR,Motorcycle,150,Petrol
2065,KH180,Motorcycle,180,Petrol
2072,STAR 125,Scooter,125,Petrol
2072,STAR DELUXE 150,Scooter,150,Petrol
2073,MINIMOTOBIK 49 CC,Motorcycle,49,Petrol
2074,ARIZONA TL150-2T,Motorcycle,150,Petrol
2074,TL150-CR1,Motorcycle,150,Petrol
2075,E-CHOPPER,Motorcycle,0,Electric
2086,HB 110 BUZZ,Scooter,110,Petrol
2086,MD125,Motorcycle,125,Petrol
2086,MD150,Motorcycle,150,Petrol
2107,STAR125,Motorcycle,125,Petrol
2134,CR6,Scooter,0,Electric
2134,HL-301,Scooter,301,Petrol
2134,MINI MOTO 49 CC,Motorcycle,49,Petrol
2134,X7 2000W,Scooter,0,Electric
2145,DIRT BIKE 049,Motorcycle,49,Petrol
2166,TORK100,Motorcycle,100,Petrol
2208,SK150,Motorcycle,150,Petrol
2217,XY125-2E,Scooter,125,Petrol
2222,SIII-150,Motorcycle,150,Petrol
2236,SK125,Scooter,125,Petrol
2262,TL110,Scooter,110,Petrol
2262,TL125,Scooter,125,Petrol
2262,TL150,Motorcycle,150,Petrol
2262,TL200,Motorcycle,200,Petrol
2262,TL250,Motorcycle,250,Petrol
2262,TXR250,Motorcycle,250,Petrol
2296,ELECTRIC MOTORCYCLE,Motorcycle,0,Electric
2301,VX110,Scooter,110,Petrol
2301,VX125,Scooter,125,Petrol
2301,VX200-2,Motorcycle,200,Petrol
2301,VX200-6,Motorcycle,200,Petrol
2318,ELECTRIC SCOOTER,Scooter,0,Electric
2343,XL800,Motorcycle,800,Petrol
2344,C-UMI,Scooter,0,Electric
2344,S-LIKE DELIVERY,Scooter,0,Electric
2344,YUKI,Scooter,0,Electric
2346,VERSITY 300,Scooter,300,Petrol
2346,XC 150,Scooter,150,Petrol
2346,YAMAHA 125,Motorcycle,125,Petrol
2346,YC 125 SALUTO,Motorcycle,125,Petrol
2356,UNKNOWN ELECTRIC SCOOTER,Scooter,0,Electric
2358,HARLEY S8-12,Scooter,0,Electric
2358,HARLEY X11-10,Scooter,0,Electric
2358,HARLEY X9-8,Scooter,0,Electric
2363,UNKNOWN ELECTRIC MOTORCYCLE,Motorcycle,0,Electric
2376,ZP ZP108,Scooter,0,Electric
2376,ZP18L,Scooter,0,Electric
2376,ZP19L,Scooter,0,Electric
2376,ZP19LA,Scooter,0,Electric
2376,ZP20K,Scooter,0,Electric
2376,ZP20L,Scooter,0,Electric
2376,ZP21,Scooter,0,Electric
1802,AB 150-AN,Motorcycle,150,Petrol
1802,AB 150-TR,Motorcycle,150,Petrol
1802,AB 200-MT,Motorcycle,200,Petrol
1802,AB110,Scooter,110,Petrol
1802,AB125,Scooter,125,Petrol
1802,AB150,Motorcycle,150,Petrol
1802,AB200,Motorcycle,200,Petrol
1805,AD110,Scooter,110,Petrol
1805,AD150FOX,Motorcycle,150,Petrol
1805,AD150T,Motorcycle,150,Petrol
1805,AD150T-10,Motorcycle,150,Petrol
1805,AD150T-12,Motorcycle,150,Petrol
1805,AD150T-13,Scooter,150,Petrol
1805,AD150T-3,Motorcycle,150,Petrol
1805,AD150T-6,Motorcycle,150,Petrol
1805,AD150T-7,Scooter,150,Petrol
1805,ADVENGUER 200,Motorcycle,200,Petrol
1805,ADVENGUER 200R,Motorcycle,200,Petrol
1805,AGUMAN150,Motorcycle,150,Petrol
1805,ASHLEY 125,Scooter,125,Petrol
1805,AUTOBOT 200R,Motorcycle,200,Petrol
1805,BULTACO 150,Motorcycle,150,Petrol
1805,BULTACO150R,Motorcycle,150,Petrol
1805,BULTACO200,Motorcycle,200,Petrol
1805,BULTACO250,Motorcycle,250,Petrol
1805,CHACARERA150,Motorcycle,150,Petrol
1805,CHAMPION 150,Motorcycle,150,Petrol
1805,CHITARA125R,Motorcycle,125,Petrol
1805,CTX 110,Motorcycle,110,Petrol
1805,DAKE 200R,Motorcycle,200,Petrol
1805,ENDURO 200R,Motorcycle,200,Petrol
1805,ENDURO 250R,Motorcycle,250,Petrol
1805,ENDURO 250X,Motorcycle,250,Petrol
1805,ENDURO200,Motorcycle,200,Petrol
1805,FELINO 150,Scooter,150,Petrol
1805,FELINO125,Scooter,125,Petrol
1805,FINITI150,Motorcycle,150,Petrol
1805,FIRE250R,Motorcycle,250,Petrol
1805,FOX125,Scooter,125,Petrol
1805,FOX150,Scooter,150,Petrol
1805,FUEGO 150R,Motorcycle,150,Petrol
1805,JAGUAR 150,Motorcycle,150,Petrol
1805,JAGUAR 200,Motorcycle,200,Petrol
1805,JAGUAR 200Z,Motorcycle,200,Petrol
1805,MINI125,Motorcycle,125,Petrol
1805,MONKEY 125,Motorcycle,125,Petrol
1805,MONKEY 135,Motorcycle,135,Petrol
1805,MONKEY 150R,Motorcycle,150,Petrol
1805,MONTAR150,Scooter,150,Petrol
1805,NEOFINITI 150,Motorcycle,150,Petrol
1805,NEOFIRE 150,Motorcycle,150,Petrol
1805,NINDIA 200 R6,Motorcycle,200,Petrol
1805,NINDIA 200S,Motorcycle,200,Petrol
1805,NINDIA 250 R7,Motorcycle,250,Petrol
1805,NINDIA 250-R5,Motorcycle,250,Petrol
1805,NINDIA 250Z,Motorcycle,250,Petrol
1805,NINDIA 400Z,Motorcycle,400,Petrol
1805,NINJA 200,Motorcycle,200,Petrol
1805,NINJA 250,Motorcycle,250,Petrol
1805,NOVA125R,Motorcycle,125,Petrol
1805,NOVA150R,Motorcycle,150,Petrol
1805,OPTIMOS 200R,Motorcycle,200,Petrol
1805,PANTRO200,Scooter,200,Petrol
1805,RENEGADO250,Motorcycle,250,Petrol
1805,SCRAMBLER 250,Motorcycle,250,Petrol
1805,SHAMPER200,Motorcycle,200,Petrol
1805,SUPER ASHLEY 125,Scooter,125,Petrol
1805,SUPER MEGAN 125,Scooter,125,Petrol
1805,SUPERTRIAL150,Scooter,150,Petrol
1805,TACHALA 150,Motorcycle,150,Petrol
1805,TACHALA 200,Motorcycle,200,Petrol
1805,TANOS200R,Motorcycle,200,Petrol
1805,TANOS250,Motorcycle,250,Petrol
1805,TEKKEN 300R,Motorcycle,300,Petrol
1805,TORENTO 250,Motorcycle,250,Petrol
1805,XL200R,Motorcycle,200,Petrol
1805,X-TRAIL200,Motorcycle,200,Petrol
1805,X-TRIAL250X,Motorcycle,250,Petrol
1806,SPARKT 250,Motorcycle,250,Petrol
1806,SPARKT200,Motorcycle,200,Petrol
1810,OPTHIMUS 150,Scooter,150,Petrol
1811,ALENER 150,Scooter,150,Petrol
1811,ALENER 250,Scooter,250,Petrol
1811,ZX125T,Scooter,125,Petrol
1811,ZX150T,Scooter,150,Petrol
1812,RTM 125T-1,Scooter,125,Petrol
1812,RTM 150G-1,Motorcycle,150,Petrol
1812,RTM 150G-2,Motorcycle,150,Petrol
1812,RTM110,Motorcycle,110,Petrol
1812,RTM125,Motorcycle,125,Petrol
1812,RTM150,Motorcycle,150,Petrol
1812,RTM150-7CH,Motorcycle,150,Petrol
1812,RTM150T-2,Motorcycle,150,Petrol
1812,RTM200,Motorcycle,200,Petrol
1812,RTM200C,Motorcycle,200,Petrol
1812,RTM250,Motorcycle,250,Petrol
1812,RTM70,Motorcycle,70,Petrol
1813,CORCEL 200,Motorcycle,200,Petrol
1814,HORUS 200,Motorcycle,200,Petrol
1814,PILLCO 110,Scooter,110,Petrol
1814,VENUS 125,Scooter,125,Petrol
1817,FEROZZ 200,Motorcycle,200,Petrol
1817,G10 200,Motorcycle,200,Petrol
1817,G20 250,Motorcycle,250,Petrol
1817,HGL-200,Motorcycle,200,Petrol
1817,HXL-200,Motorcycle,200,Petrol
1821,STORM 125,Scooter,125,Petrol
1823,AS110,Scooter,110,Petrol
1823,AS125,Scooter,125,Petrol
1823,AS150,Motorcycle,150,Petrol
1823,AS200,Motorcycle,200,Petrol
1823,AS200-F,Motorcycle,200,Petrol
1823,AS200GS,Motorcycle,200,Petrol
1823,AS200GY,Motorcycle,200,Petrol
1823,AS250,Motorcycle,250,Petrol
1823,AS250 K7,Motorcycle,250,Petrol
1823,AS250GY,Motorcycle,250,Petrol
1823,AS250GY-4,Motorcycle,250,Petrol
1823,AS250GY-5,Motorcycle,250,Petrol
1823,DLW150,Motorcycle,150,Petrol
1823,DLW200,Motorcycle,200,Petrol
1823,PHAMTON 250,Motorcycle,250,Petrol
1823,WA-150,Motorcycle,150,Petrol
1823,WB-150,Motorcycle,150,Petrol
1823,WC-150,Scooter,150,Petrol
1823,ZK150,Motorcycle,150,Petrol
1823,ZK200,Motorcycle,200,Petrol
1823,ZR200,Motorcycle,200,Petrol
1823,ZRW250,Motorcycle,250,Petrol
1825,MX250,Motorcycle,250,Petrol
1825,MX50,Motorcycle,50,Petrol
1826,HUNTER150,Motorcycle,150,Petrol
1826,SPEED250,Motorcycle,250,Petrol
1826,SY150T,Scooter,150,Petrol
1826,SY80T,Scooter,80,Petrol
1826,VOLT 800,Scooter,800,Petrol
1827,LIDER 200R,Motorcycle,200,Petrol
1827,LIDER 250R,Motorcycle,250,Petrol
1827,LIDER MAX 250,Motorcycle,250,Petrol
1830,NS220,Scooter,220,Petrol
1834,AZ150T,Motorcycle,150,Petrol
1835,APOLONIA 180,Motorcycle,180,Petrol
1835,AUGUSTA 200,Motorcycle,200,Petrol
1835,AUGUSTA 250,Motorcycle,250,Petrol
1835,CAMPERA 150,Motorcycle,150,Petrol
1835,CAMPERA 250,Motorcycle,250,Petrol
1835,MONTESA 200,Motorcycle,200,Petrol
1835,NITROX T3 250,Motorcycle,250,Petrol
1835,PORTO 150,Motorcycle,150,Petrol
1835,SPLIT 110,Motorcycle,110,Petrol
1839,BS150,Motorcycle,150,Petrol
1839,BS200,Motorcycle,200,Petrol
1839,BZ150,Motorcycle,150,Petrol
1839,CORAZA125,Scooter,125,Petrol
1839,DRAGO200,Motorcycle,200,Petrol
1839,FINE-T150,Motorcycle,150,Petrol
1839,JOG125,Motorcycle,125,Petrol
1839,JOG150,Motorcycle,150,Petrol
1839,LAMGER PLUS250,Motorcycle,250,Petrol
1839,LAMGER200,Motorcycle,200,Petrol
1839,LZ150,Motorcycle,150,Petrol
1839,PLUSOR150,Motorcycle,150,Petrol
1839,PLUSOR200,Motorcycle,200,Petrol
1839,RBS150,Motorcycle,150,Petrol
1839,REPTIL250,Motorcycle,250,Petrol
1839,RIMAK150,Motorcycle,150,Petrol
1839,SIRIUS 250,Motorcycle,250,Petrol
1839,SIRIUS200,Motorcycle,200,Petrol
1839,SPARK200,Motorcycle,200,Petrol
1839,URBAN MAXI110,Scooter,110,Petrol
1845,BR 150,Motorcycle,150,Petrol
1845,BR200,Motorcycle,200,Petrol
1845,BWS 150,Scooter,150,Petrol
1845,DT BR200 RR,Motorcycle,200,Petrol
1845,GBR 200,Motorcycle,200,Petrol
1845,RUNNER 150,Scooter,150,Petrol
1847,WY-TEMPO 150,Scooter,150,Petrol
1848,B110FF,Motorcycle,110,Petrol
1848,B150CK,Motorcycle,150,Petrol
1848,B250RC,Motorcycle,250,Petrol
1848,BT150Y3,Motorcycle,150,Petrol
1851,XS500,Motorcycle,500,Petrol
1862,200M,Motorcycle,200,Petrol
1863,125 T1,Scooter,125,Petrol
1863,125CG,Scooter,125,Petrol
1863,125T,Scooter,125,Petrol
1863,125T2,Scooter,125,Petrol
1863,150 CGL,Motorcycle,150,Petrol
1863,150CG,Motorcycle,150,Petrol
1863,150M,Scooter,150,Petrol
1863,150T2,Scooter,150,Petrol
1863,200CGL,Motorcycle,200,Petrol
1863,200Z,Motorcycle,200,Petrol
1863,250RR,Motorcycle,250,Petrol
1863,BRABUS 150,Motorcycle,150,Petrol
1863,GUEPARDO 200,Motorcycle,200,Petrol
1863,R1-125,Motorcycle,125,Petrol
1863,RYDER 125,Motorcycle,125,Petrol
1863,TERRA 200,Motorcycle,200,Petrol
1863,TNT 200,Motorcycle,200,Petrol
1863,TRD 200,Motorcycle,200,Petrol
1863,X15 150,Motorcycle,150,Petrol
1863,X6 200,Motorcycle,200,Petrol
1863,X-MAX 150,Scooter,150,Petrol
1863,Z6,Motorcycle,0,Electric
1867,C&G 200XL,Motorcycle,200,Petrol
1868,RYKER 600,Motorcycle,600,Petrol
1872,CH200A,Motorcycle,200,Petrol
1873,LF125-12,Motorcycle,125,Petrol
1877,CM125,Motorcycle,125,Petrol
1877,CM150,Motorcycle,150,Petrol
1877,CM200,Motorcycle,200,Petrol
1877,CM250,Motorcycle,250,Petrol
1877,DISKOVER 200,Motorcycle,200,Petrol
1877,KIRITO 125,Motorcycle,125,Petrol
1877,RALLY 200,Motorcycle,200,Petrol
1877,SC200,Motorcycle,200,Petrol
1877,TEKKEN200,Motorcycle,200,Petrol
1877,TURBITO 125,Motorcycle,125,Petrol
1877,ULTRA 200,Motorcycle,200,Petrol
1877,ULTRA 250,Motorcycle,250,Petrol
1881,CROSRAPTOR200,Motorcycle,200,Petrol
1881,CROSRAPTOR250,Motorcycle,250,Petrol
1881,KAZUYA 250,Motorcycle,250,Petrol
1881,RAVEN 200,Motorcycle,200,Petrol
1881,X-THUNDER 200,Motorcycle,200,Petrol
1883,AM110,Motorcycle,110,Petrol
1883,AM125,Motorcycle,125,Petrol
1883,AM150,Motorcycle,150,Petrol
1883,AM200,Motorcycle,200,Petrol
1883,AM200 STREET BIKE,Motorcycle,200,Petrol
1883,AM200GY,Motorcycle,200,Petrol
1883,ASV150 ASTROV,Motorcycle,150,Petrol
1883,ASV200 ASTROV,Motorcycle,200,Petrol
1883,AT 200GY ROUTER,Motorcycle,200,Petrol
1883,AT200GY,Motorcycle,200,Petrol
1883,AT250GY,Motorcycle,250,Petrol
1883,AT250GY NEO ROUTER,Motorcycle,250,Petrol
1883,CRS150,Motorcycle,150,Petrol
1883,CRS200,Motorcycle,200,Petrol
1883,CRS200IRON HORSE,Motorcycle,200,Petrol
1883,CRS250,Motorcycle,250,Petrol
1883,EVO200R,Motorcycle,200,Petrol
1883,RICO150,Motorcycle,150,Petrol
1883,RVT200GY,Motorcycle,200,Petrol
1883,RVT250GY,Motorcycle,250,Petrol
1883,TRT200GY,Motorcycle,200,Petrol
1883,TRT250GY,Motorcycle,250,Petrol
1883,TRT250GY TETRUX,Motorcycle,250,Petrol
1883,VOLCANO150,Motorcycle,150,Petrol
1884,RD150,Motorcycle,150,Petrol
1890,DK125,Motorcycle,125,Petrol
1890,MY 200,Motorcycle,200,Petrol
1891,XY200D,Motorcycle,200,Petrol
1892,150,Scooter,150,Petrol
1892,BULL 150,Scooter,150,Petrol
1892,CRUISE150,Scooter,150,Petrol
1892,CUSTOM250,Motorcycle,250,Petrol
1892,DV110,Scooter,110,Petrol
1892,DV150,Scooter,150,Petrol
1892,DV150RS,Motorcycle,150,Petrol
1892,DV200,Motorcycle,200,Petrol
1892,DV200GY,Motorcycle,200,Petrol
1892,DV250,Motorcycle,250,Petrol
1892,DV250GY,Motorcycle,250,Petrol
1892,DV300,Motorcycle,300,Petrol
1892,E-CARGO,Scooter,0,Electric
1892,E-CRUISE,Scooter,0,Electric
1892,F200,Motorcycle,200,Petrol
1892,FALCON150,Scooter,150,Petrol
1892,MAX200+,Motorcycle,200,Petrol
1892,RX150,Scooter,150,Petrol
1892,SP150,Motorcycle,150,Petrol
1892,SPEED200,Motorcycle,200,Petrol
1892,SUN 150,Scooter,150,Petrol
1892,TIGER 150,Scooter,150,Petrol
1892,X-PLORE 200,Motorcycle,200,Petrol
1892,X-PLORE 250,Motorcycle,250,Petrol
1892,XY200,Motorcycle,200,Petrol
1893,DY100A,Scooter,100,Petrol
1893,DY150-33,Motorcycle,150,Petrol
1893,DY300-ZH,Motorcycle,300,Petrol
1893,TURBO 300,Motorcycle,300,Petrol
1895,DY125T,Scooter,125,Petrol
1895,DY150-3G,Motorcycle,150,Petrol
1900,DIT250A,Motorcycle,250,Petrol
1900,DIT250B,Motorcycle,250,Petrol
1900,DIT300,Motorcycle,300,Petrol
1900,DITROID 250CC,Motorcycle,250,Petrol
1900,NOT SPECIFIED 200 CC,Motorcycle,200,Petrol
1900,ROCKY250,Motorcycle,250,Petrol
1900,ROCKY300,Motorcycle,300,Petrol
1900,ROCKY350,Motorcycle,350,Petrol
1900,SHEN250,Motorcycle,250,Petrol
1906,DUCO 250DT,Motorcycle,250,Petrol
1906,DUCO DT 200,Motorcycle,200,Petrol
1906,DURUS 150,Motorcycle,150,Petrol
1906,DUVI 110,Motorcycle,110,Petrol
1906,DUVI 125,Motorcycle,125,Petrol
1906,DUX-150,Motorcycle,150,Petrol
1906,DX-150,Motorcycle,150,Petrol
1906,LIBERA-150,Motorcycle,150,Petrol
1906,MAGIC-125,Motorcycle,125,Petrol
1906,R200,Motorcycle,200,Petrol
1906,SDUX200,Motorcycle,200,Petrol
1906,SDUX250,Motorcycle,250,Petrol
1907,DK150,Motorcycle,150,Petrol
1909,F15,Scooter,0,Electric
1909,ROMA,Scooter,0,Electric
1913,B-RONCO 250,Motorcycle,250,Petrol
1914,CLEY200GY-1,Motorcycle,200,Petrol
1915,GL-150,Motorcycle,150,Petrol
1925,200R,Motorcycle,200,Petrol
1925,ACERO 200R,Motorcycle,200,Petrol
1925,ARANDI 150,Scooter,150,Petrol
1925,BRANDY 150,Scooter,150,Petrol
1925,DRAGON 250,Motorcycle,250,Petrol
1925,FLACORT 200,Motorcycle,200,Petrol
1925,FURIOUS 200,Motorcycle,200,Petrol
1925,FURIOUS 200 PRO,Motorcycle,200,Petrol
1925,FURIOUS 200R,Motorcycle,200,Petrol
1925,GENOVA 150,Scooter,150,Petrol
1925,GP 200,Motorcycle,200,Petrol
1925,IMPERIO 200,Motorcycle,200,Petrol
1925,IMPERIO 250,Motorcycle,250,Petrol
1925,MALANDRA 150,Motorcycle,150,Petrol
1925,MILAN 150,Scooter,150,Petrol
1925,PARIS 150,Motorcycle,150,Petrol
1925,PHANTOM 200R,Motorcycle,200,Petrol
1925,PHANTOM 250,Motorcycle,250,Petrol
1925,PHANTOM 250R,Motorcycle,250,Petrol
1925,PODEROSA 250R,Motorcycle,250,Petrol
1925,PREDATOR 200,Motorcycle,200,Petrol
1925,RC250,Motorcycle,250,Petrol
1925,ROMA 150,Scooter,150,Petrol
1925,SCORPION 200,Motorcycle,200,Petrol
1925,SHADOW 250,Motorcycle,250,Petrol
1925,T150-R,Motorcycle,150,Petrol
1925,T150-X,Motorcycle,150,Petrol
1925,T150-Z,Motorcycle,150,Petrol
1925,TEKKEN 250 4X4 EDITION,Motorcycle,250,Petrol
1925,TEKKEN 250R,Motorcycle,250,Petrol
1925,TOUR 150,Motorcycle,150,Petrol
1925,TURBO 250,Motorcycle,250,Petrol
1925,TURBO 250X,Motorcycle,250,Petrol
1925,TURBOMAX 200,Motorcycle,200,Petrol
1925,TURBOMAX 250 PRO,Motorcycle,250,Petrol
1925,VALERIAN 125,Motorcycle,125,Petrol
1925,VENECIA 150,Motorcycle,150,Petrol
1925,WARRIOR 150,Motorcycle,150,Petrol
1925,WARRIOR 200X,Motorcycle,200,Petrol
1925,WARRIOR 250X,Motorcycle,250,Petrol
1925,X-RIDER 200,Motorcycle,200,Petrol
1927,YG150-22C,Motorcycle,150,Petrol
1928,BM 150,Motorcycle,150,Petrol
1928,CJY150,Motorcycle,150,Petrol
1928,FZ200GY-22,Motorcycle,200,Petrol
1928,LG150,Motorcycle,150,Petrol
1928,LH150,Motorcycle,150,Petrol
1928,TZM125D-5,Motorcycle,125,Petrol
1928,YG150-22,Motorcycle,150,Petrol
1929,FCM-250,Motorcycle,250,Petrol
1931,FC150,Motorcycle,150,Petrol
1932,FH200,Motorcycle,200,Petrol
1933,AVATAR125,Motorcycle,125,Petrol
1933,AVATAR150,Motorcycle,150,Petrol
1933,AVATAR200,Motorcycle,200,Petrol
1933,AVATAR200RR,Motorcycle,200,Petrol
1933,AVATAR250RR,Motorcycle,250,Petrol
1933,CRIF200,Motorcycle,200,Petrol
1933,DLX110,Scooter,110,Petrol
1933,FLY 150,Motorcycle,150,Petrol
1933,FXT200,Motorcycle,200,Petrol
1933,JUNCO 150,Motorcycle,150,Petrol
1933,JUNCO200,Scooter,200,Petrol
1933,LIMITEX 200,Motorcycle,200,Petrol
1933,LIMITEX 200 R17,Motorcycle,200,Petrol
1933,LIMITEX 250 R17,Motorcycle,250,Petrol
1933,LIMITEX250,Motorcycle,250,Petrol
1933,LIMITEXULTRA200,Motorcycle,200,Petrol
1933,LIMITEXULTRA250,Motorcycle,250,Petrol
1933,MIT 200,Motorcycle,200,Petrol
1933,PILOT 200,Motorcycle,200,Petrol
1933,QUICK 150 ECO,Motorcycle,150,Petrol
1933,QUICK150,Motorcycle,150,Petrol
1933,RACING PRO-200,Motorcycle,200,Petrol
1933,TEKKEN 300,Motorcycle,300,Petrol
1933,TEMERARIOX250,Motorcycle,250,Petrol
1933,TORONTO200,Motorcycle,200,Petrol
1933,TORONTO250,Motorcycle,250,Petrol
1933,ULTRAX 200,Motorcycle,200,Petrol
1934,CG200R,Motorcycle,200,Petrol
1934,DEPREDADOR250,Motorcycle,250,Petrol
1934,DEPREDADOR300,Motorcycle,300,Petrol
1934,FR110,Motorcycle,110,Petrol
1937,DUTOR150,Motorcycle,150,Petrol
1937,FR200,Motorcycle,200,Petrol
1937,MORTREX 200,Motorcycle,200,Petrol
1937,TONER-250,Motorcycle,250,Petrol
1937,TORNER 250,Motorcycle,250,Petrol
1938,150W,Motorcycle,150,Petrol
1938,250,Motorcycle,250,Petrol
1938,250 TR,Motorcycle,250,Petrol
1938,250R,Motorcycle,250,Petrol
1938,250RY,Motorcycle,250,Petrol
1938,250TTR,Motorcycle,250,Petrol
1938,FORTTE 110CH,Motorcycle,110,Petrol
1939,ARIA150,Scooter,150,Petrol
1939,BITEX 125,Scooter,125,Petrol
1939,BITEX110,Motorcycle,110,Petrol
1939,FORK200,Motorcycle,200,Petrol
1939,FORK250,Motorcycle,250,Petrol
1939,FXR 200,Motorcycle,200,Petrol
1939,FXR 250,Motorcycle,250,Petrol
1939,FXZ110-DAX,Motorcycle,110,Petrol
1939,FXZ200,Motorcycle,200,Petrol
1939,FXZ250,Motorcycle,250,Petrol
1939,MAXX 150,Motorcycle,150,Petrol
1939,MONTERO 200,Motorcycle,200,Petrol
1939,RXR 250-X,Motorcycle,250,Petrol
1939,RXR250,Motorcycle,250,Petrol
1939,RZ250,Motorcycle,250,Petrol
1939,SBR 150CG,Motorcycle,150,Petrol
1939,SIGMA200,Motorcycle,200,Petrol
1939,SIRIXFLASH150,Scooter,150,Petrol
1939,SRAM 200,Motorcycle,200,Petrol
1939,SSAVA 150-BWS,Scooter,150,Petrol
1939,SSAVA150,Scooter,150,Petrol
1939,TEKTRO250,Motorcycle,250,Petrol
1939,TEKTRO250-X,Motorcycle,250,Petrol
1939,THUNDER 250,Motorcycle,250,Petrol
1939,XTR 200,Motorcycle,200,Petrol
1940,FXZ 200-CGL,Motorcycle,200,Petrol
1940,SIRIX FLASH 150,Motorcycle,150,Petrol
1943,FJ-250,Motorcycle,250,Petrol
1944,RINOX 200,Motorcycle,200,Petrol
1944,RUDO 200,Motorcycle,200,Petrol
1944,RYNOX 200,Motorcycle,200,Petrol
1944,STREET 150,Motorcycle,150,Petrol
1944,TM 200,Motorcycle,200,Petrol
1944,TM 200 E3,Motorcycle,200,Petrol
1946,HORSE 150,Motorcycle,150,Petrol
1946,RD 150,Motorcycle,150,Petrol
1950,300,Motorcycle,300,Petrol
1954,ACCION 150,Scooter,150,Petrol
1954,RACING X 200,Motorcycle,200,Petrol
1954,RESCATE 150,Motorcycle,150,Petrol
1954,RG 200,Motorcycle,200,Petrol
1954,SOCIO 150,Motorcycle,150,Petrol
1954,SOCIO 150-F,Motorcycle,150,Petrol
1954,SOCIO 200,Motorcycle,200,Petrol
1954,VZ-200,Motorcycle,200,Petrol
1954,VZ-250,Motorcycle,250,Petrol
1954,ZX150,Scooter,150,Petrol
1957,KASANDRA 125,Scooter,125,Petrol
1957,YUL 200,Motorcycle,200,Petrol
1960,GLM150,Motorcycle,150,Petrol
1961,GLR-150,Motorcycle,150,Petrol
1961,GLR-200,Motorcycle,200,Petrol
1963,ARES 400,Motorcycle,400,Petrol
1963,QORI 200,Motorcycle,200,Petrol
1963,ZEVS 250,Motorcycle,250,Petrol
1964,E3,Scooter,0,Electric
1964,E4,Scooter,0,Electric
1968,DUKE 150,Scooter,150,Petrol
1968,GST50QT-11,Scooter,50,Petrol
1969,IGM-150,Scooter,150,Petrol
1972,HJ100-6,Scooter,100,Petrol
1972,HJ150-9,Motorcycle,150,Petrol
1972,HJ150GY,Motorcycle,150,Petrol
1972,HJ200-A,Motorcycle,200,Petrol
1972,HJ200GY,Motorcycle,200,Petrol
1975,SOFTAIL HERITAGE CLASSIC 1745,Motorcycle,1745,Petrol
1977,HT250HR-HOKER,Motorcycle,250,Petrol
1979,VA110,Motorcycle,110,Petrol
1979,VA200GY,Motorcycle,200,Petrol
1982,JM200,Motorcycle,200,Petrol
1983,175,Motorcycle,175,Petrol
1983,CB1125,Motorcycle,1125,Petrol
1983,CB150,Motorcycle,150,Petrol
1983,CB300F TWISTER,Motorcycle,300,Petrol
1983,CBF300,Motorcycle,300,Petrol
1983,CBR400R,Motorcycle,400,Petrol
1983,CCG125,Motorcycle,125,Petrol
1983,CRF250 RALLY,Motorcycle,250,Petrol
1983,CRF300 RALLY,Motorcycle,300,Petrol
1983,GL125,Motorcycle,125,Petrol
1983,N.G.A.2000A1,Motorcycle,2000,Petrol
1983,N125,Scooter,125,Petrol
1983,XR 100 RN,Motorcycle,100,Petrol
1984,CG125,Motorcycle,125,Petrol
1993,HS150,Motorcycle,150,Petrol
1993,HS175,Motorcycle,175,Petrol
1997,AT110 RT,Scooter,110,Petrol
1997,CYCLONE 250,Motorcycle,250,Petrol
1997,DT200 SPORT,Motorcycle,200,Petrol
1997,FIERA 150,Motorcycle,150,Petrol
1997,FIERA 200,Motorcycle,200,Petrol
1997,FT150 CHAKARERA,Motorcycle,150,Petrol
1997,FT180 TS,Motorcycle,180,Petrol
1997,SIERRA 110,Scooter,110,Petrol
1997,TURIN 150,Scooter,150,Petrol
1997,XTREME 200,Motorcycle,200,Petrol
1999,AE-150T,Scooter,150,Petrol
1999,BR-150H,Scooter,150,Petrol
1999,CQ-125,Scooter,125,Petrol
1999,FAST 150,Scooter,150,Petrol
1999,JA-125,Scooter,125,Petrol
1999,ONE 150,Motorcycle,150,Petrol
1999,ONE 200,Motorcycle,200,Petrol
1999,PER-150,Scooter,150,Petrol
1999,VAL-150,Scooter,150,Petrol
1999,WR 150-1,Scooter,150,Petrol
1999,WR150,Scooter,150,Petrol
2003,AT110RT,Scooter,110,Petrol
2003,DT200,Motorcycle,200,Petrol
2003,FT180,Motorcycle,180,Petrol
2003,NEW CS125,Scooter,125,Petrol
2003,RT200,Motorcycle,200,Petrol
2003,TRN150,Scooter,150,Petrol
2003,VGO125,Scooter,125,Petrol
2003,VGO125EUROIII,Scooter,125,Petrol
2003,XS125EUROIII,Scooter,125,Petrol
2005,AT125RTEUROIII,Scooter,125,Petrol
2006,THOR 200,Motorcycle,200,Petrol
2006,YKM-BR150,Motorcycle,150,Petrol
2007,JP110-A,Motorcycle,110,Petrol
2007,JP200,Motorcycle,200,Petrol
2007,JP200GY-3,Motorcycle,200,Petrol
2008,JP200G,Motorcycle,200,Petrol
2010,AJN-150,Motorcycle,150,Petrol
2010,CONRAD 150,Scooter,150,Petrol
2010,FENIX 150,Scooter,150,Petrol
2010,LINUX FA-150,Scooter,150,Petrol
2011,FA-150,Scooter,150,Petrol
2011,FORZA 150,Scooter,150,Petrol
2013,ARIZONA 250,Motorcycle,250,Petrol
2013,AVENZA 150,Scooter,150,Petrol
2013,AZIM 180,Motorcycle,180,Petrol
2013,BR-150,Motorcycle,150,Petrol
2013,CROSSMAX 250 PRO,Motorcycle,250,Petrol
2013,CROX 150,Scooter,150,Petrol
2013,DARK 200,Motorcycle,200,Petrol
2013,DUSTIN 200,Motorcycle,200,Petrol
2013,EAGLE 110,Motorcycle,110,Petrol
2013,ENERGY 110,Scooter,110,Petrol
2013,FOX 200,Motorcycle,200,Petrol
2013,INFINITY 150,Scooter,150,Petrol
2013,JCH150T-28,Scooter,150,Petrol
2013,JCH150T-29,Scooter,150,Petrol
2013,JCH200,Motorcycle,200,Petrol
2013,KALLPA 150,Scooter,150,Petrol
2013,KORI 110,Scooter,110,Petrol
2013,KP MINI 150,Motorcycle,150,Petrol
2013,MALLKU200,Motorcycle,200,Petrol
2013,MAX 150,Motorcycle,150,Petrol
2013,MAX 200,Motorcycle,200,Petrol
2013,MONTANA 200,Motorcycle,200,Petrol
2013,MOUNTAIN 200,Motorcycle,200,Petrol
2013,MRX 200 PRO,Motorcycle,200,Petrol
2013,MRX200,Motorcycle,200,Petrol
2013,MT200,Scooter,200,Petrol
2013,POWER 200,Motorcycle,200,Petrol
2013,R250,Motorcycle,250,Petrol
2013,R6 250,Motorcycle,250,Petrol
2013,RAPTOR 250,Motorcycle,250,Petrol
2013,RZ8B200,Motorcycle,200,Petrol
2013,SPEED 200,Motorcycle,200,Petrol
2013,SPORT 200,Motorcycle,200,Petrol
2013,STORM 200,Motorcycle,200,Petrol
2013,STYLE 125,Scooter,125,Petrol
2013,STYLE 150,Scooter,150,Petrol
2013,T-28 150,Scooter,150,Petrol
2013,TARKI200,Motorcycle,200,Petrol
2013,THUNDER200,Motorcycle,200,Petrol
2013,TITAN 200,Motorcycle,200,Petrol
2013,TORNADO 200,Motorcycle,200,Petrol
2013,TRAVEL 250,Motorcycle,250,Petrol
2013,VOLT 150,Scooter,150,Petrol
2013,WOLF 250,Motorcycle,250,Petrol
2013,X-DRIVE 250,Motorcycle,250,Petrol
2013,XR200,Motorcycle,200,Petrol
2015,ADVANCE110,Scooter,110,Petrol
2015,ADVENTURE 150,Scooter,150,Petrol
2015,F51,Motorcycle,51,Petrol
2015,F51E3,Motorcycle,51,Petrol
2015,GALLOPER 150,Motorcycle,150,Petrol
2015,GALLOPER 200,Motorcycle,200,Petrol
2015,GP 160,Motorcycle,160,Petrol
2015,GP200,Motorcycle,200,Petrol
2015,SMASH 125,Scooter,125,Petrol
2015,SNAKE 250,Motorcycle,250,Petrol
2015,STALLION 150GT,Motorcycle,150,Petrol
2015,STRIKE 250,Motorcycle,250,Petrol
2015,STRIKE250E3,Motorcycle,250,Petrol
2015,TOURIST 110,Scooter,110,Petrol
2015,V-BOX 150,Scooter,150,Petrol
2015,VEGA 110,Scooter,110,Petrol
2015,V-MAX 150,Scooter,150,Petrol
2015,VOX 200,Scooter,200,Petrol
2015,VPR 125,Scooter,125,Petrol
2015,WORK150,Motorcycle,150,Petrol
2017,CDF200,Scooter,200,Petrol
2017,CJ50F,Scooter,50,Petrol
2017,LIGHT 110,Scooter,110,Petrol
2017,LIGTH 110,Scooter,110,Petrol
2017,SPEEDY 150,Scooter,150,Petrol
2017,SPEEDY 300,Motorcycle,300,Petrol
2017,URBAN 110,Scooter,110,Petrol
2017,URBAN 110S,Scooter,110,Petrol
2019,250RE,Motorcycle,250,Petrol
2019,DEMOLEDOR 250,Motorcycle,250,Petrol
2021,ECONOMIC 125,Motorcycle,125,Petrol
2021,ECONOMIC 150,Motorcycle,150,Petrol
2021,FURIOS 149,Motorcycle,149,Petrol
2021,FURIOS 200,Motorcycle,200,Petrol
2021,HERCULES 300,Motorcycle,300,Petrol
2021,RAYO200,Motorcycle,200,Petrol
2021,REX 150,Motorcycle,150,Petrol
2021,TERRA 150,Motorcycle,150,Petrol
2021,TERRA 150CP,Motorcycle,150,Petrol
2021,TERRA 200CP,Motorcycle,200,Petrol
2021,XPR 250,Motorcycle,250,Petrol
2021,XPS 149,Motorcycle,149,Petrol
2021,XPS 200,Motorcycle,200,Petrol
2022,JQ250GY-A,Motorcycle,250,Petrol
2022,XGZ250GY,Motorcycle,250,Petrol
2023,JC150-35T,Motorcycle,150,Petrol
2023,JC150T-15J,Motorcycle,150,Petrol
2023,JC200Y,Motorcycle,200,Petrol
2024,RTM150EOS,Motorcycle,150,Petrol
2024,RTM150H,Motorcycle,150,Petrol
2024,RTM150KH,Motorcycle,150,Petrol
2024,RTM150KYR,Motorcycle,150,Petrol
2024,RTM150T,Motorcycle,150,Petrol
2024,RTM200EOS,Motorcycle,200,Petrol
2024,RTM200KH,Motorcycle,200,Petrol
2024,RTM200KS,Motorcycle,200,Petrol
2024,RTM200S,Motorcycle,200,Petrol
2029,BROXIGAR 200,Motorcycle,200,Petrol
2029,KT250,Motorcycle,250,Petrol
2029,KX200,Motorcycle,200,Petrol
2029,S200,Motorcycle,200,Petrol
2029,SHAKER 250,Motorcycle,250,Petrol
2029,SONIC 200,Motorcycle,200,Petrol
2029,SONIC 250,Motorcycle,250,Petrol
2029,SPINO 250,Motorcycle,250,Petrol
2029,X200 PRO,Motorcycle,200,Petrol
2029,X250,Motorcycle,250,Petrol
2030,X200,Motorcycle,200,Petrol
2033,CRX 200,Motorcycle,200,Petrol
2033,CRX 250,Motorcycle,250,Petrol
2033,DEFENDER 150,Motorcycle,150,Petrol
2033,ZR2 200,Motorcycle,200,Petrol
2033,ZR2 250,Motorcycle,250,Petrol
2035,KAT200,Scooter,200,Petrol
2035,KT125 REX,Scooter,125,Petrol
2035,KT125 TEAM,Scooter,125,Petrol
2035,KT125-JOH,Motorcycle,125,Petrol
2035,KT125-RAYO,Scooter,125,Petrol
2035,KT125-ROKA,Scooter,125,Petrol
2035,KT125-RUBY,Motorcycle,125,Petrol
2035,KT125-TIGER,Scooter,125,Petrol
2035,KT150,Scooter,150,Petrol
2035,KT150-AVATAR,Motorcycle,150,Petrol
2035,KT200,Scooter,200,Petrol
2035,KT200 DRAGO,Motorcycle,200,Petrol
2035,KT200 FORTE,Motorcycle,200,Petrol
2035,KT200-12,Motorcycle,200,Petrol
2035,KT200-BRAVO,Motorcycle,200,Petrol
2035,KT200-EURO,Motorcycle,200,Petrol
2035,KT200-FURIOUS,Motorcycle,200,Petrol
2035,KT200-LUM,Motorcycle,200,Petrol
2035,KT200-ROKA,Motorcycle,200,Petrol
2035,KT200-ULTRA,Motorcycle,200,Petrol
2035,KT250-BRAVO,Motorcycle,250,Petrol
2035,KT250-EURO,Motorcycle,250,Petrol
2035,XSJ250-7,Motorcycle,250,Petrol
2036,KAT150,Motorcycle,150,Petrol
2036,KAT-200,Motorcycle,200,Petrol
2036,KAT-250,Motorcycle,250,Petrol
2037,AK150,Motorcycle,150,Petrol
2037,HX150,Motorcycle,150,Petrol
2039,T1 250,Motorcycle,250,Petrol
2039,TSD 110,Motorcycle,110,Petrol
2039,TT140,Motorcycle,140,Petrol
2042,ARN 200,Scooter,200,Petrol
2042,SUPERLIGHT 125,Motorcycle,125,Petrol
2042,VIESTE 125,Scooter,125,Petrol
2044,CERVUS 150,Motorcycle,150,Petrol
2044,CERVUS 200,Motorcycle,200,Petrol
2044,FASTER 250,Motorcycle,250,Petrol
2044,FURIOUS 250,Motorcycle,250,Petrol
2044,KB125,Motorcycle,125,Petrol
2044,KB200,Motorcycle,200,Petrol
2044,KBR200H-4,Motorcycle,200,Petrol
2044,LOUS 11-125,Motorcycle,125,Petrol
2044,LOUSS 125,Motorcycle,125,Petrol
2044,SURI-150,Motorcycle,150,Petrol
2044,SURI-200,Motorcycle,200,Petrol
2046,KXR200,Motorcycle,200,Petrol
2046,POP 110,Scooter,110,Petrol
2052,ES1-X,Motorcycle,0,Electric
2053,SHANGLIN,Scooter,0,Electric
2056,200XTR,Motorcycle,200,Petrol
2062,ROYS K1-70,Motorcycle,70,Petrol
2063,D8-CB250F,Motorcycle,250,Petrol
2063,LR 150 SPORT,Motorcycle,150,Petrol
2063,LR110,Scooter,110,Petrol
2063,LR110-2,Scooter,110,Petrol
2063,LR110-9 MIGA,Scooter,110,Petrol
2063,LR150,Motorcycle,150,Petrol
2063,LR150-15,Motorcycle,150,Petrol
2063,LR150-28 RICO,Motorcycle,150,Petrol
2063,LR200-15A,Motorcycle,200,Petrol
2063,LRE016Z,Scooter,0,Electric
2063,LRE025Z,Scooter,0,Electric
2063,LRM150-17,Motorcycle,150,Petrol
2063,X5-CB250F,Motorcycle,250,Petrol
2063,ZKM 250,Motorcycle,250,Petrol
2068,LF100-A,Scooter,100,Petrol
2068,LF110-26H,Scooter,110,Petrol
2068,LF110-7A,Scooter,110,Petrol
2068,LF110A,Scooter,110,Petrol
2068,LF125-5,Motorcycle,125,Petrol
2068,LF125-5L,Motorcycle,125,Petrol
2068,LF125-7D,Motorcycle,125,Petrol
2068,LF125T-2V,Scooter,125,Petrol
2068,LF150-2,Motorcycle,150,Petrol
2068,LF150-F,Motorcycle,150,Petrol
2068,LF150GY-4D,Motorcycle,150,Petrol
2068,LF160,Scooter,160,Petrol
2068,LF200 GY,Motorcycle,200,Petrol
2068,LF250 GY,Motorcycle,250,Petrol
2068,PK110,Scooter,110,Petrol
2068,SUKHOI 125,Motorcycle,125,Petrol
2068,XT-200,Motorcycle,200,Petrol
2069,LH150T-2,Scooter,150,Petrol
2070,BROS 250 CC,Motorcycle,250,Petrol
2070,CHACARERA200CC,Motorcycle,200,Petrol
2070,LN125CC,Motorcycle,125,Petrol
2070,XR 200,Motorcycle,200,Petrol
2070,XR 250,Motorcycle,250,Petrol
2071,LL-200XL,Motorcycle,200,Petrol
2071,LL250-A1,Scooter,250,Petrol
2071,TAKI 150-A,Motorcycle,150,Petrol
2071,TAKI200-A,Motorcycle,200,Petrol
2072,STAR DELUXE 200,Scooter,200,Petrol
2076,ZEUS 200,Motorcycle,200,Petrol
2078,E-MHE,Scooter,0,Electric
2078,E-MNW6-7220800F-12F-C-6X,Scooter,0,Electric
2078,M-HWW-7250G-28A-H-6X,Scooter,0,Electric
2079,LJ1500DQT,Scooter,1500,Petrol
2079,LJ1500DQT-B,Scooter,1500,Petrol
2080,X4-G,Scooter,0,Electric
2081,GT 160 R,Motorcycle,160,Petrol
2081,GT 200R,Motorcycle,200,Petrol
2081,GT 250R,Motorcycle,250,Petrol
2081,NK 200,Motorcycle,200,Petrol
2084,DEFENDER 200,Motorcycle,200,Petrol
2085,BEIRUT 150,Scooter,150,Petrol
2085,DETROIT 150,Scooter,150,Petrol
2085,IBIZA L 150,Motorcycle,150,Petrol
2085,IBIZA PRIME 250,Motorcycle,250,Petrol
2085,IBIZA R250,Motorcycle,250,Petrol
2085,IBIZA Z 250,Motorcycle,250,Petrol
2085,IBIZA ZI 200,Motorcycle,200,Petrol
2085,RIO 125,Scooter,125,Petrol
2085,SEUL 150,Scooter,150,Petrol
2085,TEKKEN PRO 250,Motorcycle,250,Petrol
2085,TOKYO 110,Motorcycle,110,Petrol
2085,TOKYO 125Y,Motorcycle,125,Petrol
2085,TOKYO 150X,Motorcycle,150,Petrol
2088,BRAVO 125,Motorcycle,125,Petrol
2088,CAVA 150,Motorcycle,150,Petrol
2088,CR-150,Motorcycle,150,Petrol
2088,DIAVOLO 125,Motorcycle,125,Petrol
2088,DIAVOLOXZ150,Motorcycle,150,Petrol
2088,DS-200,Motorcycle,200,Petrol
2088,ELEGANCE 110S,Scooter,110,Petrol
2088,GEPARD 200,Motorcycle,200,Petrol
2088,PLUSS 115,Scooter,115,Petrol
2088,THUNDER 200,Motorcycle,200,Petrol
2088,VERTIGO 150,Motorcycle,150,Petrol
2088,VERTIGO 150S,Motorcycle,150,Petrol
2088,VERTIGO 200,Motorcycle,200,Petrol
2093,AVENTADOR 125,Scooter,125,Petrol
2094,FOSTER 350,Motorcycle,350,Petrol
2095,M150-8,Scooter,150,Petrol
2095,M150-9,Scooter,150,Petrol
2095,ML300,Scooter,300,Petrol
2095,ML8-1KW,Scooter,0,Electric
2098,KING250,Motorcycle,250,Petrol
2098,MS200,Motorcycle,200,Petrol
2098,MS250,Motorcycle,250,Petrol
2098,RATCHER 200,Motorcycle,200,Petrol
2098,SAURUS 250,Motorcycle,250,Petrol
2098,T-KEN 250,Motorcycle,250,Petrol
2103,MF200,Motorcycle,200,Petrol
2109,MC125E,Motorcycle,125,Petrol
2117,MK350,Scooter,350,Petrol
2120,MQ250-5A,Motorcycle,250,Petrol
2120,MQ300,Motorcycle,300,Petrol
2122,HYPER EXTREME 200,Motorcycle,200,Petrol
2122,WORKMAN 200,Motorcycle,200,Petrol
2125,ALESSIA125,Motorcycle,125,Petrol
2125,ANNY125,Motorcycle,125,Petrol
2125,AVIATOR 200 X,Motorcycle,200,Petrol
2125,AVIATOR200,Motorcycle,200,Petrol
2125,BOSS 200,Motorcycle,200,Petrol
2125,BOSS 200A,Motorcycle,200,Petrol
2125,CHACARERA MZ 150,Motorcycle,150,Petrol
2125,MUZZA 125,Motorcycle,125,Petrol
2125,MZ 110,Scooter,110,Petrol
2125,MZ110A,Scooter,110,Petrol
2125,MZ125,Scooter,125,Petrol
2125,MZT-150H,Motorcycle,150,Petrol
2125,RAZOR 200,Motorcycle,200,Petrol
2125,RAZOR 200S,Motorcycle,200,Petrol
2125,RAZZOR 250A,Motorcycle,250,Petrol
2125,RAZZOR 250AS,Motorcycle,250,Petrol
2125,RUDDERS 200,Motorcycle,200,Petrol
2125,RUDDERS 250,Motorcycle,250,Petrol
2126,BRUTALE 800,Motorcycle,800,Petrol
2128,ACERO 200,Motorcycle,200,Petrol
2128,ADES200,Motorcycle,200,Petrol
2128,BULER 250,Motorcycle,250,Petrol
2128,BULER R1 250,Motorcycle,250,Petrol
2128,BULER R3 250,Motorcycle,250,Petrol
2128,BULER R5 250,Motorcycle,250,Petrol
2128,BULER R6 250,Motorcycle,250,Petrol
2128,CLIT 150,Motorcycle,150,Petrol
2128,CR 200,Motorcycle,200,Petrol
2128,DRAKO 200,Motorcycle,200,Petrol
2128,DUK 200,Motorcycle,200,Petrol
2128,EVOQ 250,Motorcycle,250,Petrol
2128,HORUS 125,Scooter,125,Petrol
2128,JOG 150,Scooter,150,Petrol
2128,MSX 125,Motorcycle,125,Petrol
2128,MT 200,Motorcycle,200,Petrol
2128,MURANO 150,Motorcycle,150,Petrol
2128,MURANO 200,Motorcycle,200,Petrol
2128,ODIN 125,Scooter,125,Petrol
2128,OPTIMUS 200,Scooter,200,Petrol
2128,PANTHER 200,Motorcycle,200,Petrol
2128,PLUS 200,Motorcycle,200,Petrol
2128,RIO 250,Motorcycle,250,Petrol
2128,ROKA 250,Motorcycle,250,Petrol
2128,RUSO 200,Motorcycle,200,Petrol
2128,SHOOTER 200,Motorcycle,200,Petrol
2128,SHOOTERXR150,Scooter,150,Petrol
2128,THANOS150,Scooter,150,Petrol
2128,TWISTER 200,Motorcycle,200,Petrol
2128,TWISTER RZ 200,Motorcycle,200,Petrol
2128,VELOX200,Motorcycle,200,Petrol
2128,VENON 150,Motorcycle,150,Petrol
2128,VENTUR 200,Motorcycle,200,Petrol
2128,VENTUS 200,Motorcycle,200,Petrol
2128,XL200S,Motorcycle,200,Petrol
2130,BR150,Motorcycle,150,Petrol
2130,NR 200,Motorcycle,200,Petrol
2130,NX 250,Motorcycle,250,Petrol
2130,SPARTAN X250,Motorcycle,250,Petrol
2130,TIBURON 150,Motorcycle,150,Petrol
2131,APACHE 250,Motorcycle,250,Petrol
2131,AT-MAN110,Motorcycle,110,Petrol
2131,DANNA 110,Motorcycle,110,Petrol
2131,DANNA 125,Motorcycle,125,Petrol
2131,DANNA150,Motorcycle,150,Petrol
2131,ELITE 200,Motorcycle,200,Petrol
2131,GALAXY200,Motorcycle,200,Petrol
2131,KENAY 110,Motorcycle,110,Petrol
2131,KENAY 125,Motorcycle,125,Petrol
2131,KENEDY200,Motorcycle,200,Petrol
2131,KENEDY250,Motorcycle,250,Petrol
2131,KS-PLUS 200,Motorcycle,200,Petrol
2131,MAGNETO 200,Motorcycle,200,Petrol
2131,MAGNETO KS 200,Motorcycle,200,Petrol
2131,MONTERO200,Motorcycle,200,Petrol
2131,MOVI 150,Scooter,150,Petrol
2131,N10-200,Motorcycle,200,Petrol
2131,NATIVA KS 200,Motorcycle,200,Petrol
2131,ROBOTY 125,Motorcycle,125,Petrol
2131,ROBOTY-KS125,Motorcycle,125,Petrol
2131,USR-200,Motorcycle,200,Petrol
2131,WPP110,Motorcycle,110,Petrol
2132,110A,Motorcycle,110,Petrol
2132,125,Scooter,125,Petrol
2132,125T1,Scooter,125,Petrol
2132,150CB,Motorcycle,150,Petrol
2132,150CB3,Motorcycle,150,Petrol
2132,150CH,Motorcycle,150,Petrol
2132,150CH1,Motorcycle,150,Petrol
2132,150DK,Motorcycle,150,Petrol
2132,150GL,Motorcycle,150,Petrol
2132,150T,Scooter,150,Petrol
2132,150T1,Scooter,150,Petrol
2132,150T3,Scooter,150,Petrol
2132,150T4,Scooter,150,Petrol
2132,150XT,Motorcycle,150,Petrol
2132,200 TRITON,Motorcycle,200,Petrol
2132,200CB3,Motorcycle,200,Petrol
2132,200CX,Motorcycle,200,Petrol
2132,200DK,Motorcycle,200,Petrol
2132,200GK,Motorcycle,200,Petrol
2132,200GL,Motorcycle,200,Petrol
2132,200NS,Motorcycle,200,Petrol
2132,200RR,Motorcycle,200,Petrol
2132,200RS,Motorcycle,200,Petrol
2132,200SK,Motorcycle,200,Petrol
2132,200SS,Motorcycle,200,Petrol
2132,200VX,Motorcycle,200,Petrol
2132,200XH,Motorcycle,200,Petrol
2132,200XL,Motorcycle,200,Petrol
2132,200XR,Motorcycle,200,Petrol
2132,200XR-L,Motorcycle,200,Petrol
2132,200XT,Motorcycle,200,Petrol
2132,200XT1,Motorcycle,200,Petrol
2132,250ADV,Motorcycle,250,Petrol
2132,250XF,Motorcycle,250,Petrol
2132,250XL,Motorcycle,250,Petrol
2132,250XR,Motorcycle,250,Petrol
2132,BRITANIA 69,Motorcycle,69,Petrol
2132,NEXUS 110,Scooter,110,Petrol
2132,NEXUS110A,Scooter,110,Petrol
2132,NEXUS110V,Scooter,110,Petrol
2132,NEXUS125,Scooter,125,Petrol
2132,NEXUS150,Motorcycle,150,Petrol
2132,NEXUS150CB,Motorcycle,150,Petrol
2132,NEXUS150CG,Motorcycle,150,Petrol
2132,NEXUS150CH,Motorcycle,150,Petrol
2132,NEXUS150CX,Motorcycle,150,Petrol
2132,NEXUS150T,Motorcycle,150,Petrol
2132,NEXUS200,Motorcycle,200,Petrol
2132,NEXUS200GL,Motorcycle,200,Petrol
2132,NEXUS200RR,Motorcycle,200,Petrol
2132,NEXUS200SS,Motorcycle,200,Petrol
2132,NEXUS200XL,Motorcycle,200,Petrol
2132,NEXUS200XT,Motorcycle,200,Petrol
2132,NEXUS250,Motorcycle,250,Petrol
2136,BOYKA ZX 200,Motorcycle,200,Petrol
2136,BOYKA ZX 250,Motorcycle,250,Petrol
2141,FASST F2T,Motorcycle,0,Electric
2148,TRNG-150,Motorcycle,150,Petrol
2148,TRNG-250,Motorcycle,250,Petrol
2148,TRNG-300,Motorcycle,300,Petrol
2149,KX250,Motorcycle,250,Petrol
2149,PR200R,Motorcycle,200,Petrol
2150,BIZZ125,Motorcycle,125,Petrol
2150,DAX 110,Motorcycle,110,Petrol
2150,HAW 125,Scooter,125,Petrol
2150,IRON200,Motorcycle,200,Petrol
2150,JUPITER 125,Scooter,125,Petrol
2150,KMT125GY,Motorcycle,125,Petrol
2150,NEO125,Scooter,125,Petrol
2150,PANTERA 300,Motorcycle,300,Petrol
2150,PC110,Motorcycle,110,Petrol
2150,PC125,Motorcycle,125,Petrol
2150,PC125F,Scooter,125,Petrol
2150,PC150,Motorcycle,150,Petrol
2150,ROCK 125,Motorcycle,125,Petrol
2150,TUNDRA 150,Motorcycle,150,Petrol
2150,TUNDRA 200,Motorcycle,200,Petrol
2151,PX125,Motorcycle,125,Petrol
2151,PX150,Motorcycle,150,Petrol
2156,VESPA PX 150,Scooter,150,Petrol
2158,PT150-ST,Motorcycle,150,Petrol
2160,ENERGY 180,Motorcycle,180,Petrol
2160,ROADBLOCK 200,Motorcycle,200,Petrol
2160,SHADOW 300,Motorcycle,300,Petrol
2160,SKYWALKER 250,Motorcycle,250,Petrol
2161,PULSAR RS200,Motorcycle,200,Petrol
2163,BIZON 200P,Motorcycle,200,Petrol
2163,C300-P,Motorcycle,300,Petrol
2163,COMANDO 250P,Motorcycle,250,Petrol
2163,CR250-P,Motorcycle,250,Petrol
2163,D110-P,Motorcycle,110,Petrol
2163,DIVA 125P,Scooter,125,Petrol
2163,FMT300P,Motorcycle,300,Petrol
2163,HALCON 200P,Motorcycle,200,Petrol
2163,IRON200P,Motorcycle,200,Petrol
2163,IRON250P,Motorcycle,250,Petrol
2163,JAWAR 200P,Motorcycle,200,Petrol
2163,JUMA 150P,Motorcycle,150,Petrol
2163,LAZER 250P,Motorcycle,250,Petrol
2163,LOBO 150P,Motorcycle,150,Petrol
2163,LUCKY 110P,Scooter,110,Petrol
2163,NERO 150P,Motorcycle,150,Petrol
2163,POL200-XL,Motorcycle,200,Petrol
2163,POL250-5,Motorcycle,250,Petrol
2163,SR250P,Motorcycle,250,Petrol
2163,TERRAN 200P,Motorcycle,200,Petrol
2163,TERRANO 150P,Motorcycle,150,Petrol
2163,VENOM 250P,Motorcycle,250,Petrol
2163,VIO150P,Motorcycle,150,Petrol
2163,VOLTRON 250P,Motorcycle,250,Petrol
2163,WAY 110P,Motorcycle,110,Petrol
2163,YT250-P,Motorcycle,250,Petrol
2165,200LT,Motorcycle,200,Petrol
2165,200LX,Motorcycle,200,Petrol
2165,NX200,Motorcycle,200,Petrol
2165,PML-150,Motorcycle,150,Petrol
2165,PML-200,Motorcycle,200,Petrol
2165,PR200-NT,Motorcycle,200,Petrol
2165,PX-150,Motorcycle,150,Petrol
2165,RC200 OFF ROAD,Motorcycle,200,Petrol
2165,RC200 STD,Motorcycle,200,Petrol
2165,RX200,Motorcycle,200,Petrol
2165,SR-150,Motorcycle,150,Petrol
2165,SV-150,Motorcycle,150,Petrol
2165,TL-150,Scooter,150,Petrol
2165,TT-150,Scooter,150,Petrol
2165,TZ-150,Scooter,150,Petrol
2165,VENIZE150,Motorcycle,150,Petrol
2165,ZL-150,Motorcycle,150,Petrol
2165,ZM-150,Scooter,150,Petrol
2165,ZR-150,Motorcycle,150,Petrol
2167,FALCON 170,Motorcycle,170,Petrol
2167,GN125-29,Motorcycle,125,Petrol
2167,LIGER 200,Motorcycle,200,Petrol
2167,NEW FALCON 200,Motorcycle,200,Petrol
2167,QM200GY TMS,Motorcycle,200,Petrol
2167,QM200GY-B,Motorcycle,200,Petrol
2170,RGT150,Motorcycle,150,Petrol
2171,SMD X7,Scooter,0,Electric
2171,SMD-U1,Scooter,0,Electric
2171,X7S,Scooter,0,Electric
2173,RSG200,Motorcycle,200,Petrol
2176,RD250GY-18V,Motorcycle,250,Petrol
2177,DD400E-6C,Motorcycle,400,Petrol
2177,DD400E-9D,Motorcycle,400,Petrol
2177,SPYDER 400,Motorcycle,400,Petrol
2178,150 PLUSS,Scooter,150,Petrol
2178,150 POWER,Motorcycle,150,Petrol
2178,150 TITAN,Motorcycle,150,Petrol
2178,200 ATHORM 6G,Motorcycle,200,Petrol
2178,200 POWER,Motorcycle,200,Petrol
2178,EXPLORER 200,Motorcycle,200,Petrol
2178,HONOR 250,Motorcycle,250,Petrol
2178,LITHIUM 200,Motorcycle,200,Petrol
2178,MAXOS 150,Motorcycle,150,Petrol
2178,PREDATOR 250,Motorcycle,250,Petrol
2178,PRIME 250,Motorcycle,250,Petrol
2178,RAPTOR 200,Motorcycle,200,Petrol
2178,RZ 125 SPARK,Motorcycle,125,Petrol
2178,RZ 125 WAZE,Motorcycle,125,Petrol
2178,RZ 150 CONFORT,Scooter,150,Petrol
2178,RZ 150 MAXOS,Motorcycle,150,Petrol
2178,RZ 150 PLUS,Scooter,150,Petrol
2178,RZ 150 TITAN,Motorcycle,150,Petrol
2178,RZ 150 T-REX,Scooter,150,Petrol
2178,RZ 200 LITHIUM,Motorcycle,200,Petrol
2178,RZ 200 MAGNUM,Motorcycle,200,Petrol
2178,RZ 200 VELOX,Motorcycle,200,Petrol
2178,RZ 250 KRATOS,Motorcycle,250,Petrol
2178,RZ 250 LEO,Motorcycle,250,Petrol
2178,RZ 250 LITHIUM,Motorcycle,250,Petrol
2178,RZ 250 PREDATOR,Motorcycle,250,Petrol
2178,RZ 250 PRIME,Motorcycle,250,Petrol
2178,RZ 250 RAPTOR,Motorcycle,250,Petrol
2178,RZ 250 TEKKEN PRO,Motorcycle,250,Petrol
2178,RZ 250 VOLTREX,Motorcycle,250,Petrol
2178,RZ 250 X-CROSS,Motorcycle,250,Petrol
2178,RZ 250 XPLOTION,Motorcycle,250,Petrol
2178,RZ 250 ZRF,Motorcycle,250,Petrol
2178,RZ LITE 150,Scooter,150,Petrol
2178,RZ110 WAZE,Scooter,110,Petrol
2178,RZ125-D1,Motorcycle,125,Petrol
2178,RZ125-ROCKET,Motorcycle,125,Petrol
2178,RZ125-SPARKR,Motorcycle,125,Petrol
2178,RZ150-STAR,Motorcycle,150,Petrol
2178,RZ200 FMX,Motorcycle,200,Petrol
2178,RZ200 LEO,Motorcycle,200,Petrol
2178,RZ200-GLX,Motorcycle,200,Petrol
2178,RZ200-STAR,Motorcycle,200,Petrol
2178,RZ200-STARX,Motorcycle,200,Petrol
2178,RZ200XTRAIL,Motorcycle,200,Petrol
2178,RZ250 FMX,Motorcycle,250,Petrol
2178,RZ-REXTOR-200,Motorcycle,200,Petrol
2178,SPARK 125,Scooter,125,Petrol
2178,T-REX 150,Scooter,150,Petrol
2178,VELOX 150,Motorcycle,150,Petrol
2178,VELOX 200,Motorcycle,200,Petrol
2178,WAZE 110,Scooter,110,Petrol
2178,WAZE 125,Scooter,125,Petrol
2178,XTRAIL 200,Motorcycle,200,Petrol
2178,Z-MAX 250,Motorcycle,250,Petrol
2178,ZRF 250,Motorcycle,250,Petrol
2179,RFZ 150,Motorcycle,150,Petrol
2183,HURVA 250,Motorcycle,250,Petrol
2183,SENSEI 300,Motorcycle,300,Petrol
2183,VENCEDOR 200,Motorcycle,200,Petrol
2184,RACING200AR,Motorcycle,200,Petrol
2184,RACING250AR,Motorcycle,250,Petrol
2184,RB 150,Motorcycle,150,Petrol
2184,RB150-B1,Motorcycle,150,Petrol
2184,RB150-R2,Motorcycle,150,Petrol
2184,RB175,Motorcycle,175,Petrol
2184,RB200,Motorcycle,200,Petrol
2184,RBR 150,Motorcycle,150,Petrol
2184,RBR150-A,Scooter,150,Petrol
2184,RBR150-B,Scooter,150,Petrol
2188,PONY 125,Motorcycle,125,Petrol
2189,AGGRESSOR 200R,Motorcycle,200,Petrol
2189,AGGRESSOR200,Motorcycle,200,Petrol
2189,CLASSIC150,Motorcycle,150,Petrol
2189,DEMOLITION 200,Motorcycle,200,Petrol
2189,DEMOLITION 250,Motorcycle,250,Petrol
2189,DOMINATOR 250,Motorcycle,250,Petrol
2189,EXPRESS 150,Motorcycle,150,Petrol
2189,EXPRESS 150X,Motorcycle,150,Petrol
2189,EXPRESS 200,Motorcycle,200,Petrol
2189,EXPRESS-B 150,Motorcycle,150,Petrol
2189,FABIUSS 125,Scooter,125,Petrol
2189,GR200,Motorcycle,200,Petrol
2189,LAUZHER 150,Motorcycle,150,Petrol
2189,LAUZHER150R,Motorcycle,150,Petrol
2189,LAUZHER200R,Motorcycle,200,Petrol
2189,PANTERA 200,Motorcycle,200,Petrol
2189,PANTERA 200S,Motorcycle,200,Petrol
2189,PANTERA150,Motorcycle,150,Petrol
2189,PANTERA150R,Motorcycle,150,Petrol
2189,PANTERA200R,Motorcycle,200,Petrol
2189,PANTRO 150,Motorcycle,150,Petrol
2189,PANTRO 200,Motorcycle,200,Petrol
2189,RC 110G,Scooter,110,Petrol
2189,RC 110V,Scooter,110,Petrol
2189,RC 125ADV,Scooter,125,Petrol
2189,RC 125C,Scooter,125,Petrol
2189,RC 125G,Scooter,125,Petrol
2189,RC 125LED,Scooter,125,Petrol
2189,RC110,Scooter,110,Petrol
2189,RC110A,Scooter,110,Petrol
2189,RC110B,Scooter,110,Petrol
2189,RC110C,Scooter,110,Petrol
2189,RC110R,Scooter,110,Petrol
2189,RC125,Scooter,125,Petrol
2189,RC200GY,Motorcycle,200,Petrol
2189,RCO200,Motorcycle,200,Petrol
2189,RONSKER 169,Motorcycle,169,Petrol
2189,RONSKER 200,Motorcycle,200,Petrol
2189,RONSKER 200R,Motorcycle,200,Petrol
2189,RZ 150,Motorcycle,150,Petrol
2189,RZ 200,Motorcycle,200,Petrol
2189,RZ 250,Motorcycle,250,Petrol
2189,TITANIUM 150,Motorcycle,150,Petrol
2189,TORRENTO 200,Motorcycle,200,Petrol
2189,TORRENTO 250,Motorcycle,250,Petrol
2189,TR 125K,Scooter,125,Petrol
2189,TR 150DS,Scooter,150,Petrol
2189,TR 150RX,Scooter,150,Petrol
2189,TR 150W,Scooter,150,Petrol
2189,TR125H,Scooter,125,Petrol
2189,TR125V,Scooter,125,Petrol
2189,TR150,Scooter,150,Petrol
2189,TR150H,Scooter,150,Petrol
2189,TR150K,Scooter,150,Petrol
2189,TR150S,Scooter,150,Petrol
2189,TR150V,Scooter,150,Petrol
2189,TR150Z1,Scooter,150,Petrol
2189,TRUENO 200,Motorcycle,200,Petrol
2189,TRUENO 250,Motorcycle,250,Petrol
2189,VENECIA125,Motorcycle,125,Petrol
2189,VOLTRA 150,Motorcycle,150,Petrol
2189,VOLTRA 200,Motorcycle,200,Petrol
2189,VOLTRA 250,Motorcycle,250,Petrol
2189,X-PLORER 150V,Motorcycle,150,Petrol
2189,X-PLORER 200,Motorcycle,200,Petrol
2189,X-PLORER 200 V1,Motorcycle,200,Petrol
2189,X-PLORER 200H,Motorcycle,200,Petrol
2189,X-PLORER 200R,Motorcycle,200,Petrol
2189,X-PLORER 200X,Motorcycle,200,Petrol
2189,X-PLORER 250,Motorcycle,250,Petrol
2189,X-TERRA 250,Motorcycle,250,Petrol
2189,X-TREMO 200,Motorcycle,200,Petrol
2189,X-TREMO 200R,Motorcycle,200,Petrol
2189,X-TREMO 250,Motorcycle,250,Petrol
2189,X-TREMO-A 200,Motorcycle,200,Petrol
2189,X-TREMO-B 200,Motorcycle,200,Petrol
2189,X-TREMO-C 200,Motorcycle,200,Petrol
2192,125-GY,Motorcycle,125,Petrol
2192,150T-8,Scooter,150,Petrol
2194,CROSRAPTOR 250-1,Motorcycle,250,Petrol
2198,SAMA150,Motorcycle,150,Petrol
2198,SAMA200ZH-B,Motorcycle,200,Petrol
2199,CHACARERASA SY150,Motorcycle,150,Petrol
2199,CHACARERASA SY200,Motorcycle,200,Petrol
2199,ROBOTY SY150,Scooter,150,Petrol
2199,SY 200,Motorcycle,200,Petrol
2199,SY110,Motorcycle,110,Petrol
2199,SY110-42C,Scooter,110,Petrol
2199,SY150-9F,Motorcycle,150,Petrol
2202,SJ200-6,Motorcycle,200,Petrol
2206,POWER 125,Motorcycle,125,Petrol
2206,RAYO 200,Motorcycle,200,Petrol
2206,SEBANGY 125,Motorcycle,125,Petrol
2207,MISTY 125,Scooter,125,Petrol
2207,MISTY 150,Scooter,150,Petrol
2207,SPARK 150,Motorcycle,150,Petrol
2207,SPARK 200,Motorcycle,200,Petrol
2207,SPARK 250,Motorcycle,250,Petrol
2207,SZ MAX 150,Scooter,150,Petrol
2207,TAURUS 150,Scooter,150,Petrol
2207,TAURUS 175,Scooter,175,Petrol
2207,WUXI 150,Scooter,150,Petrol
2208,BOXTER 150,Motorcycle,150,Petrol
2208,CAIMAN 150,Motorcycle,150,Petrol
2208,MOUNTER 200,Motorcycle,200,Petrol
2208,SHARK 150,Motorcycle,150,Petrol
2208,SHARK 200,Motorcycle,200,Petrol
2208,SK110,Scooter,110,Petrol
2208,SK125,Motorcycle,125,Petrol
2208,SK125T,Motorcycle,125,Petrol
2208,SK150-6,Motorcycle,150,Petrol
2208,SK150-8 LONG RIDER,Motorcycle,150,Petrol
2208,SK150-9,Motorcycle,150,Petrol
2208,SK150FS,Scooter,150,Petrol
2208,SK200,Motorcycle,200,Petrol
2208,SK200FLY,Motorcycle,200,Petrol
2208,SK200GY,Motorcycle,200,Petrol
2208,SK200GY-4,Motorcycle,200,Petrol
2208,SK250GY-5,Motorcycle,250,Petrol
2208,SK250-K,Motorcycle,250,Petrol
2208,SK300,Motorcycle,300,Petrol
2208,SK7-200 KING,Motorcycle,200,Petrol
2208,T LEOPARD 250,Motorcycle,250,Petrol
2212,200GP,Motorcycle,200,Petrol
2212,200GY,Motorcycle,200,Petrol
2212,200MAX,Motorcycle,200,Petrol
2212,200NX,Motorcycle,200,Petrol
2212,200PRO,Motorcycle,200,Petrol
2212,200PRO1,Motorcycle,200,Petrol
2212,200REX,Motorcycle,200,Petrol
2212,200VOL,Motorcycle,200,Petrol
2212,250GP,Motorcycle,250,Petrol
2212,250PRO,Motorcycle,250,Petrol
2212,250REX,Motorcycle,250,Petrol
2213,SHALOM 200NK,Motorcycle,200,Petrol
2213,SHALOM 200NX,Motorcycle,200,Petrol
2215,SW150,Motorcycle,150,Petrol
2215,SW200,Motorcycle,200,Petrol
2215,SW250,Motorcycle,250,Petrol
2215,SW300,Motorcycle,300,Petrol
2221,SL JET 125,Scooter,125,Petrol
2221,SL JET 150,Scooter,150,Petrol
2221,SLB150,Scooter,150,Petrol
2221,SLM 150,Motorcycle,150,Petrol
2221,SLX150,Scooter,150,Petrol
2223,SK150-D7,Scooter,150,Petrol
2226,SPORT 110R,Scooter,110,Petrol
2227,SMD-X7S,Scooter,0,Electric
2231,SL150-3F,Motorcycle,150,Petrol
2231,SL150-G1,Scooter,150,Petrol
2231,SL200-3F,Scooter,200,Petrol
2232,SL 150-4G,Motorcycle,150,Petrol
2232,SL 150T-5,Scooter,150,Petrol
2232,SL110S,Scooter,110,Petrol
2232,SL150,Scooter,150,Petrol
2232,SL150-17B,Motorcycle,150,Petrol
2232,SL150-2F,Motorcycle,150,Petrol
2232,SL150-3G,Motorcycle,150,Petrol
2232,SL150-A,Scooter,150,Petrol
2232,SL150-F7,Motorcycle,150,Petrol
2232,SL150-K11,Motorcycle,150,Petrol
2232,SL150-KG,Motorcycle,150,Petrol
2232,SL150T,Scooter,150,Petrol
2232,SL150T-2,Scooter,150,Petrol
2232,SL150T-2A,Scooter,150,Petrol
2232,SL150T-6,Scooter,150,Petrol
2232,SL200-6F,Motorcycle,200,Petrol
2232,SL200-8X,Motorcycle,200,Petrol
2232,SL200-A,Motorcycle,200,Petrol
2232,SL200-F7,Motorcycle,200,Petrol
2232,SL200-F8,Motorcycle,200,Petrol
2232,SL200-F8A,Motorcycle,200,Petrol
2232,SL200-F9,Motorcycle,200,Petrol
2232,SL200-F9A,Motorcycle,200,Petrol
2232,SL200GY,Motorcycle,200,Petrol
2232,SL200-K11,Motorcycle,200,Petrol
2232,SL250GY-4,Motorcycle,250,Petrol
2235,CHACARERA 200,Motorcycle,200,Petrol
2235,DM 200,Motorcycle,200,Petrol
2235,DURO 150,Motorcycle,150,Petrol
2235,DURO 200,Motorcycle,200,Petrol
2235,DURO 250,Motorcycle,250,Petrol
2235,ECO FINITI 150,Motorcycle,150,Petrol
2235,FINITI 150,Motorcycle,150,Petrol
2235,GOL 125,Scooter,125,Petrol
2235,KS 202,Motorcycle,202,Petrol
2235,LEO 110-N,Scooter,110,Petrol
2235,MATRIX 150,Scooter,150,Petrol
2235,MONSTER 250,Motorcycle,250,Petrol
2235,MONSTER200R,Motorcycle,200,Petrol
2235,PATAGONIA 250,Motorcycle,250,Petrol
2235,PATAGONIA125,Motorcycle,125,Petrol
2235,PATAGONIA169,Motorcycle,169,Petrol
2235,RVS 175,Scooter,175,Petrol
2235,SAMURAI 150,Motorcycle,150,Petrol
2235,SANTANA 200,Motorcycle,200,Petrol
2235,SANTANA 250,Motorcycle,250,Petrol
2235,SS 300 X7 EFI,Motorcycle,300,Petrol
2235,SS150 CGL,Motorcycle,150,Petrol
2235,SS150CG,Motorcycle,150,Petrol
2235,SS200,Motorcycle,200,Petrol
2235,SS200 CGL,Motorcycle,200,Petrol
2235,SS200GY,Motorcycle,200,Petrol
2235,SS200-X7,Motorcycle,200,Petrol
2235,SS250-5A,Motorcycle,250,Petrol
2235,SS250-7,Motorcycle,250,Petrol
2235,SS250GY,Motorcycle,250,Petrol
2235,SWEET 125,Scooter,125,Petrol
2235,VIPER 150 DKR,Motorcycle,150,Petrol
2235,VIPER 150NKD,Motorcycle,150,Petrol
2235,VIPER 200 DKR,Motorcycle,200,Petrol
2235,VIPER 200NKS,Motorcycle,200,Petrol
2235,VIPER200,Motorcycle,200,Petrol
2235,VIPER-250DKR,Motorcycle,250,Petrol
2235,X-TRAIL-200,Motorcycle,200,Petrol
2240,RTM200SK-25,Motorcycle,200,Petrol
2241,BRAVO 200,Motorcycle,200,Petrol
2241,HJ200GY-3,Motorcycle,200,Petrol
2241,RICO 200,Motorcycle,200,Petrol
2241,ROKA250,Motorcycle,250,Petrol
2241,SMX250C,Motorcycle,250,Petrol
2241,SMX300C,Motorcycle,300,Petrol
2241,SU250,Motorcycle,250,Petrol
2241,SU320CC,Motorcycle,320,Petrol
2241,SX200,Motorcycle,200,Petrol
2241,SX300,Motorcycle,300,Petrol
2241,TIGER 200,Motorcycle,200,Petrol
2242,ADVENTURE250,Motorcycle,250,Petrol
2242,BRAHO 200,Motorcycle,200,Petrol
2242,BRAHO 200-21,Motorcycle,200,Petrol
2242,BRAHO 250,Motorcycle,250,Petrol
2242,CHERA200,Motorcycle,200,Petrol
2242,FORZA 200,Scooter,200,Petrol
2242,GOL150,Motorcycle,150,Petrol
2242,KATA200,Motorcycle,200,Petrol
2242,KIKAZ 250,Motorcycle,250,Petrol
2242,KROZ 200,Motorcycle,200,Petrol
2242,LIBRA 125,Motorcycle,125,Petrol
2242,LIVO 125,Motorcycle,125,Petrol
2242,LIVO 150,Scooter,150,Petrol
2242,MINI 150,Motorcycle,150,Petrol
2242,NALA 150,Motorcycle,150,Petrol
2242,NALA200,Motorcycle,200,Petrol
2242,NEO150,Motorcycle,150,Petrol
2242,NIO 150,Scooter,150,Petrol
2242,PORQUE-250,Motorcycle,250,Petrol
2242,POWER200,Motorcycle,200,Petrol
2242,ROMUS200N,Scooter,200,Petrol
2242,SAN200,Motorcycle,200,Petrol
2242,SBRY-200,Motorcycle,200,Petrol
2242,SGL 150,Motorcycle,150,Petrol
2242,SGL 200 PRO,Motorcycle,200,Petrol
2242,SGL 200L,Motorcycle,200,Petrol
2242,SGL200F,Motorcycle,200,Petrol
2242,SUPREMO200,Motorcycle,200,Petrol
2242,SURF250GY,Motorcycle,250,Petrol
2242,TORQUE 250,Motorcycle,250,Petrol
2242,VAYU200,Motorcycle,200,Petrol
2242,VEERA 150,Motorcycle,150,Petrol
2242,VEERA 200,Motorcycle,200,Petrol
2242,VEERA 200S,Motorcycle,200,Petrol
2242,XL200K,Motorcycle,200,Petrol
2242,ZING-150,Motorcycle,150,Petrol
2242,ZX-200,Motorcycle,200,Petrol
2243,RACING 200,Motorcycle,200,Petrol
2243,RANGER200,Motorcycle,200,Petrol
2243,SGL150,Motorcycle,150,Petrol
2243,SGL200,Motorcycle,200,Petrol
2244,S 125,Motorcycle,125,Petrol
2244,SW150-2,Motorcycle,150,Petrol
2246,CMX250,Scooter,250,Petrol
2246,CMX300,Scooter,300,Petrol
2246,SR100-A,Scooter,100,Petrol
2246,SR110B,Scooter,110,Petrol
2247,YUS110-A,Motorcycle,110,Petrol
2248,S-125,Motorcycle,125,Petrol
2250,EX 250,Motorcycle,250,Petrol
2250,EXTREMO 300,Motorcycle,300,Petrol
2250,FALCON 200-1,Motorcycle,200,Petrol
2250,FALCON200,Motorcycle,200,Petrol
2250,FALCON250,Motorcycle,250,Petrol
2250,FENIX 200 EX,Motorcycle,200,Petrol
2250,FENIX 250 EX,Motorcycle,250,Petrol
2250,FENIX200,Motorcycle,200,Petrol
2250,FLASH200,Motorcycle,200,Petrol
2250,MAX 150 EX,Motorcycle,150,Petrol
2250,RACING 250,Motorcycle,250,Petrol
2250,RACING200,Motorcycle,200,Petrol
2250,RANGER250,Motorcycle,250,Petrol
2250,RAYO150-EX,Motorcycle,150,Petrol
2250,ROCK 200,Motorcycle,200,Petrol
2250,ROCK 250,Motorcycle,250,Petrol
2250,SPIDER150EX,Scooter,150,Petrol
2250,SUM125,Scooter,125,Petrol
2250,SUM125EX,Scooter,125,Petrol
2250,THOR125,Motorcycle,125,Petrol
2250,THOR200,Motorcycle,200,Petrol
2250,TORNADO 200EX,Motorcycle,200,Petrol
2250,TRUENO-250,Motorcycle,250,Petrol
2250,VELOX 250,Motorcycle,250,Petrol
2250,VELOX250-2,Motorcycle,250,Petrol
2250,YUMBO200,Scooter,200,Petrol
2259,NHT180,Motorcycle,180,Petrol
2260,GOGO SY80T,Scooter,80,Petrol
2263,E5,Scooter,0,Electric
2263,LEOPARD,Scooter,0,Electric
2263,LION,Scooter,0,Electric
2263,N8,Scooter,0,Electric
2263,NOAH,Scooter,0,Electric
2263,PIONERO,Scooter,0,Electric
2263,RUNNER,Scooter,0,Electric
2263,T20,Scooter,0,Electric
2263,T24,Scooter,0,Electric
2263,TM7,Scooter,0,Electric
2263,WARRIOR,Scooter,0,Electric
2270,X110,Motorcycle,110,Petrol
2270,X200R,Motorcycle,200,Petrol
2270,X250R,Motorcycle,250,Petrol
2273,TEKKEN250,Motorcycle,250,Petrol
2274,TM 200-GY,Motorcycle,200,Petrol
2274,TM200,Motorcycle,200,Petrol
2274,WJ200GY,Motorcycle,200,Petrol
2275,JONES 150,Motorcycle,150,Petrol
2275,TERREX 200,Motorcycle,200,Petrol
2275,TR125-A,Motorcycle,125,Petrol
2275,TR125-B,Motorcycle,125,Petrol
2280,TM125,Motorcycle,125,Petrol
2284,TL1000DQT-2,Scooter,1000,Petrol
2289,MINO,Motorcycle,0,Electric
2290,200NK,Motorcycle,200,Petrol
2290,SHALOM 150CG,Motorcycle,150,Petrol
2290,TRUENO 150,Motorcycle,150,Petrol
2293,ALTUS 200 PRO,Motorcycle,200,Petrol
2293,ALTUS200,Motorcycle,200,Petrol
2293,BLINDER 150,Motorcycle,150,Petrol
2293,COMFORT 150,Scooter,150,Petrol
2293,CYCLON 200,Motorcycle,200,Petrol
2293,DEFENDER 250 PRO,Motorcycle,250,Petrol
2293,DRIF 150,Motorcycle,150,Petrol
2293,DRIFF 200,Motorcycle,200,Petrol
2293,EURO 200,Motorcycle,200,Petrol
2293,FALKON 200,Motorcycle,200,Petrol
2293,FALKON 250,Motorcycle,250,Petrol
2293,FORMULA 200,Motorcycle,200,Petrol
2293,FORMULA 200 PRO,Motorcycle,200,Petrol
2293,GTR 250,Motorcycle,250,Petrol
2293,JIGO 150,Motorcycle,150,Petrol
2293,LANGER 200,Motorcycle,200,Petrol
2293,LANGER 200 PRO,Motorcycle,200,Petrol
2293,LANGER 250,Motorcycle,250,Petrol
2293,LANGER 250 PRO,Motorcycle,250,Petrol
2293,LAZER 200,Motorcycle,200,Petrol
2293,LEVIN 125,Motorcycle,125,Petrol
2293,NEUMAN 150,Motorcycle,150,Petrol
2293,RACING-200,Motorcycle,200,Petrol
2293,RALLY 250,Motorcycle,250,Petrol
2293,RELIT 150,Scooter,150,Petrol
2293,SCAMBLER 250 PRO,Motorcycle,250,Petrol
2293,STRING 150,Motorcycle,150,Petrol
2293,XPRIME 150,Motorcycle,150,Petrol
2293,XPRIME 200,Motorcycle,200,Petrol
2294,FASTWIND 200 XD,Motorcycle,200,Petrol
2294,POWERMAX 125,Scooter,125,Petrol
2294,POWERMAX 125 T,Scooter,125,Petrol
2296,SC-23 200 CC,Motorcycle,200,Petrol
2299,250A-1,Motorcycle,250,Petrol
2299,FLASH 125,Scooter,125,Petrol
2299,FOXX 125,Scooter,125,Petrol
2299,JIM200,Motorcycle,200,Petrol
2299,ROY200GY-1C,Motorcycle,200,Petrol
2299,SAYU 110,Scooter,110,Petrol
2299,STAR 150-7,Motorcycle,150,Petrol
2299,VM110-6,Scooter,110,Petrol
2299,VM200GY-3,Motorcycle,200,Petrol
2300,VX110,Scooter,110,Petrol
2300,VX125,Scooter,125,Petrol
2303,VF125,Motorcycle,125,Petrol
2304,VA200GY-R1,Motorcycle,200,Petrol
2304,VA200-XT,Motorcycle,200,Petrol
2314,900 DSX,Motorcycle,900,Petrol
2316,BERLIN 200,Motorcycle,200,Petrol
2316,PIERO 125,Motorcycle,125,Petrol
2316,VK-250,Scooter,250,Petrol
2316,VK-300,Scooter,300,Petrol
2316,VOL 150,Motorcycle,150,Petrol
2317,A2,Scooter,0,Electric
2317,S3L,Motorcycle,0,Electric
2317,V2,Scooter,0,Electric
2317,VS3,Motorcycle,0,Electric
2322,WY125T,Scooter,125,Petrol
2322,WY125T-121,Scooter,121,Petrol
2323,250TR,Motorcycle,250,Petrol
2323,AKS150,Motorcycle,150,Petrol
2323,AKS200,Motorcycle,200,Petrol
2323,ATAW150,Motorcycle,150,Petrol
2323,BLIZZARD 200,Motorcycle,200,Petrol
2323,BULLET 150,Motorcycle,150,Petrol
2323,COBRA 200,Motorcycle,200,Petrol
2323,COBRA 200 GT,Motorcycle,200,Petrol
2323,CRUSH 200,Motorcycle,200,Petrol
2323,ENERGY 200,Motorcycle,200,Petrol
2323,ET150,Motorcycle,150,Petrol
2323,FIRELINE150,Motorcycle,150,Petrol
2323,FS200N,Motorcycle,200,Petrol
2323,GHOST200,Motorcycle,200,Petrol
2323,GHOST250,Motorcycle,250,Petrol
2323,HAWK 200,Motorcycle,200,Petrol
2323,MANTIS 200,Motorcycle,200,Petrol
2323,MILA150,Motorcycle,150,Petrol
2323,RANGER 200,Motorcycle,200,Petrol
2323,RAZER 200,Motorcycle,200,Petrol
2323,REBEL200,Motorcycle,200,Petrol
2323,REX150,Motorcycle,150,Petrol
2323,REX200,Motorcycle,200,Petrol
2323,ROADBLOCK 250,Motorcycle,250,Petrol
2323,TOK 125,Motorcycle,125,Petrol
2323,TRAX 250,Motorcycle,250,Petrol
2323,TRAX200,Motorcycle,200,Petrol
2323,TT200,Motorcycle,200,Petrol
2323,TT250,Motorcycle,250,Petrol
2323,WX100,Scooter,100,Petrol
2323,WX110,Scooter,110,Petrol
2323,WX125,Motorcycle,125,Petrol
2323,WX125Z-2,Scooter,125,Petrol
2323,WX150,Motorcycle,150,Petrol
2323,WX150-18,Motorcycle,150,Petrol
2323,WX150-B,Motorcycle,150,Petrol
2323,WX200,Motorcycle,200,Petrol
2323,WX200GY,Motorcycle,200,Petrol
2323,WX200-Z,Motorcycle,200,Petrol
2323,WX250GY-8B,Motorcycle,250,Petrol
2323,WX300-T2 COMMANDER,Motorcycle,300,Petrol
2324,ASH GT125,Scooter,125,Petrol
2324,GIA GT125,Scooter,125,Petrol
2324,KILER 150,Motorcycle,150,Petrol
2326,WX200DT,Motorcycle,200,Petrol
2326,WX200H,Motorcycle,200,Petrol
2328,ILLARY,Scooter,0,Electric
2328,JX-S,Scooter,0,Electric
2328,RC-MAX,Scooter,0,Electric
2328,SPEED,Scooter,0,Electric
2329,YX150,Motorcycle,150,Petrol
2331,WS150-A,Motorcycle,150,Petrol
2333,WY 110,Motorcycle,110,Petrol
2333,WY 110 A,Scooter,110,Petrol
2334,TR26,Motorcycle,0,Electric
2334,WX150-Z,Motorcycle,150,Petrol
2334,WX200-A,Motorcycle,200,Petrol
2339,XD1,Scooter,0,Electric
2344,RAYMAN,Scooter,0,Electric
2344,RUIJIE,Scooter,0,Electric
2344,T9,Scooter,0,Electric
2345,YA125,Scooter,125,Petrol
2345,YA150-1,Scooter,150,Petrol
2345,YA150GY-C,Motorcycle,150,Petrol
2346,FZN150D,Motorcycle,150,Petrol
2346,LCG125 CYGNUS RAYZR,Scooter,125,Petrol
2346,NMAX 125,Scooter,125,Petrol
2346,YC150 FZ-X CONNECTED,Motorcycle,150,Petrol
2347,YM 125-3,Motorcycle,125,Petrol
2347,YM150-A,Motorcycle,150,Petrol
2347,YM200,Motorcycle,200,Petrol
2351,DXB125D,Motorcycle,125,Petrol
2351,EG 150,Motorcycle,150,Petrol
2351,ET 150,Motorcycle,150,Petrol
2351,ST150,Scooter,150,Petrol
2351,YZ 250-M,Motorcycle,250,Petrol
2352,EG150,Motorcycle,150,Petrol
2352,YZ300,Motorcycle,300,Petrol
2353,FANTASY 200,Motorcycle,200,Petrol
2353,FANTASY 250,Motorcycle,250,Petrol
2353,MAPACHE 200,Motorcycle,200,Petrol
2353,MAPACHE 250,Motorcycle,250,Petrol
2353,TEKKEN YS200F,Motorcycle,200,Petrol
2353,TEKKEN YS250F,Motorcycle,250,Petrol
2353,YS150,Motorcycle,150,Petrol
2353,YS150 CHAKK,Motorcycle,150,Petrol
2353,YS150-D,Motorcycle,150,Petrol
2353,YS200 FUEGO,Motorcycle,200,Petrol
2353,YS200RR,Motorcycle,200,Petrol
2354,DELFIN M6,Scooter,0,Electric
2354,HALCON M4-60,Scooter,0,Electric
2354,HALCON M4-72,Scooter,0,Electric
2354,L1,Scooter,0,Electric
2354,L2,Scooter,0,Electric
2354,M4,Scooter,0,Electric
2354,M7,Scooter,0,Electric
2354,S3-50,Scooter,0,Electric
2361,PMT150,Motorcycle,150,Petrol
2361,YH125-8,Motorcycle,125,Petrol
2361,YH153FMI6B890464,Motorcycle,153,Petrol
2367,Y5,Scooter,0,Electric
2368,200ZN,Motorcycle,200,Petrol
2368,BOYKKA 250,Motorcycle,250,Petrol
2368,DRIFT200,Motorcycle,200,Petrol
2368,DUCATY-250,Motorcycle,250,Petrol
2368,FALCONZ200,Motorcycle,200,Petrol
2368,KSS250,Motorcycle,250,Petrol
2368,LADY 125,Scooter,125,Petrol
2368,NABHE 200,Motorcycle,200,Petrol
2368,NABHE 250,Motorcycle,250,Petrol
2368,RIDER200,Motorcycle,200,Petrol
2368,ROCKET 200,Motorcycle,200,Petrol
2368,SUPER ZX-250,Motorcycle,250,Petrol
2368,YANGO 150,Motorcycle,150,Petrol
2368,YANGO 200,Motorcycle,200,Petrol
2368,ZN200-GL,Motorcycle,200,Petrol
2368,ZX250-Z,Motorcycle,250,Petrol
2370,SPEED125,Scooter,125,Petrol
2371,200,Motorcycle,200,Petrol
2371,LRM 110S,Scooter,110,Petrol
2371,ROLYS-110S,Scooter,110,Petrol
2371,ZKM200,Motorcycle,200,Petrol
2374,EVO125,Scooter,125,Petrol
2374,NITROX F1 150,Scooter,150,Petrol
2374,RX1 150,Motorcycle,150,Petrol
2374,SPEX150,Motorcycle,150,Petrol
2374,TRIAX200,Motorcycle,200,Petrol
2374,V5 125,Scooter,125,Petrol
2374,Z8 150-LCH,Motorcycle,150,Petrol
2374,Z-ONE 125,Motorcycle,125,Petrol
2374,Z-ONE 150,Motorcycle,150,Petrol
2374,ZS 125-S,Motorcycle,125,Petrol
2374,ZS 150-SA,Motorcycle,150,Petrol
2374,ZS110 S,Scooter,110,Petrol
2374,ZS110-60,Scooter,110,Petrol
2374,ZS125,Motorcycle,125,Petrol
2374,ZS150 S,Motorcycle,150,Petrol
2374,ZS150-30,Motorcycle,150,Petrol
2374,ZS150-46 BATLLO3,Motorcycle,150,Petrol
2374,ZS200,Motorcycle,200,Petrol
2374,Z-WIN 150,Motorcycle,150,Petrol
2374,ZX200,Motorcycle,200,Petrol
1836,CLASSIC 125,Motorcycle,125,Petrol
1836,CLASSIC F200,Motorcycle,200,Petrol
1836,CLASSIC RETRO150,Motorcycle,150,Petrol
1836,P110,Scooter,110,Petrol
1836,PX 110,Scooter,110,Petrol
1836,X3M 125,Motorcycle,125,Petrol
1871,400GT,Motorcycle,400,Petrol
1983,STORM 125,Motorcycle,125,Petrol
1995,FE 501,Motorcycle,501,Petrol
1998,CHIEF VINTAGE 1720,Motorcycle,1720,Petrol
1998,SCOUT 1000,Motorcycle,1000,Petrol
2049,CG 125,Motorcycle,125,Petrol
2049,PL110,Scooter,110,Petrol
2049,PL125,Scooter,125,Petrol
2055,125 DUKE,Motorcycle,125,Petrol
2102,FUNCTION 110,Scooter,110,Petrol
2102,PX125,Motorcycle,125,Petrol
2113,S2 125,Motorcycle,125,Petrol
2156,VESPA 150,Scooter,150,Petrol
2228,CLASSIC125,Motorcycle,125,Petrol
2228,TRACKER125,Motorcycle,125,Petrol
2286,PHAMTON 250,Motorcycle,250,Petrol
2292,TRF250,Motorcycle,250,Petrol
2292,XDR230,Motorcycle,230,Petrol
2307,APOLO 200,Motorcycle,200,Petrol
2307,ONE 125,Motorcycle,125,Petrol
2307,ONE 200,Motorcycle,200,Petrol
2307,ROCKET 110,Scooter,110,Petrol
2307,RURAL 125,Motorcycle,125,Petrol
2307,SPRING 110,Motorcycle,110,Petrol
2307,SPRING 125,Motorcycle,125,Petrol
2311,EXPLORER 125,Scooter,125,Petrol
2311,FAIR 125,Scooter,125,Petrol
2311,TWIST 110,Scooter,110,Petrol
2311,TWIST 125,Scooter,125,Petrol
2330,SPITZER 125,Motorcycle,125,Petrol
2362,ADVENTURE200,Motorcycle,200,Petrol
2362,C110 DLX,Scooter,110,Petrol
2362,CITY 125,Scooter,125,Petrol
2362,GS125,Scooter,125,Petrol
2362,GS200,Motorcycle,200,Petrol
2362,GTR125,Scooter,125,Petrol
2362,MAX 110,Scooter,110,Petrol
2362,MAX 50,Scooter,50,Petrol
2362,MILESTONE 125,Scooter,125,Petrol
2362,RACER200,Motorcycle,200,Petrol
2362,RECER 200,Motorcycle,200,Petrol
2362,SPEED125,Scooter,125,Petrol
2362,TOP 125,Scooter,125,Petrol
2364,GFORCE200,Motorcycle,200,Petrol
2364,PATAGONIAN EAGLE 125,Motorcycle,125,Petrol
2364,RX 125 Z7,Motorcycle,125,Petrol
2364,RX125,Motorcycle,125,Petrol
2364,SAPUCAI125,Motorcycle,125,Petrol
2364,SAPUCAI200,Motorcycle,200,Petrol
2364,STYLER 125,Scooter,125,Petrol
2364,STYLER EXCLUSIVE 50,Motorcycle,50,Petrol
2364,ZR125,Motorcycle,125,Petrol
